"year","month","site","transect","obs_code","sp_code","scientific_name","group","mean_abund","max_abund","mean_size","max_size"
2001,8,"ABUR",1,4,"MAPY","Macrocystis pyrifera","ALGAE",2.43263888888889,4.85833333333333,53.7272727272727,155
2001,8,"ABUR",1,4,"MPS","Macrocystis pyrifera","ALGAE",0.1,0.1,NA,-Inf
2001,8,"ABUR",2,4,"MAPY","Macrocystis pyrifera","ALGAE",0,0,NA,-Inf
2001,8,"AHND",1,5,"MAPY","Macrocystis pyrifera","ALGAE",0,0,NA,-Inf
2001,8,"AHND",1,5,"MPS","Macrocystis pyrifera","ALGAE",0.1,0.1,NA,-Inf
2001,8,"AHND",2,5,"MAPY","Macrocystis pyrifera","ALGAE",0.23125,0.525,55.5555555555556,180
2001,8,"AHND",2,5,"MPS","Macrocystis pyrifera","ALGAE",0.1,0.1,NA,-Inf
2001,8,"AQUE",1,4,"MPS","Macrocystis pyrifera","ALGAE",0.1,0.1,NA,-Inf
2001,8,"AQUE",1,8,"MAPY","Macrocystis pyrifera","ALGAE",0.280714285714286,0.35,10,10
2001,8,"AQUE",2,4,"MAPY","Macrocystis pyrifera","ALGAE",0.120454545454545,0.281818181818182,10.0833333333333,15
2001,8,"AQUE",2,4,"MPS","Macrocystis pyrifera","ALGAE",0.1,0.1,NA,-Inf
2001,8,"AQUE",3,4,"MAPY","Macrocystis pyrifera","ALGAE",0.10625,0.225,20.3333333333333,22
2001,8,"AQUE",3,4,"MPS","Macrocystis pyrifera","ALGAE",0.1,0.1,NA,-Inf
2001,8,"AQUE",4,4,"MPS","Macrocystis pyrifera","ALGAE",0.1,0.1,NA,-Inf
2001,8,"AQUE",4,8,"MAPY","Macrocystis pyrifera","ALGAE",0.579166666666667,2.31666666666667,20,30
2001,8,"AQUE",5,4,"MAPY","Macrocystis pyrifera","ALGAE",0,0,NA,-Inf
2001,8,"BULL",1,3,"MPS","Macrocystis pyrifera","ALGAE",0.1,0.1,NA,-Inf
2001,8,"BULL",1,4,"MAPY","Macrocystis pyrifera","ALGAE",0,0,NA,-Inf
2001,8,"BULL",3,3,"MAPY","Macrocystis pyrifera","ALGAE",0.1,0.2,26.3333333333333,33
2001,8,"BULL",3,3,"MPS","Macrocystis pyrifera","ALGAE",0.1,0.1,NA,-Inf
2001,8,"BULL",6,1,"MAPY","Macrocystis pyrifera","ALGAE",0,0,NA,-Inf
2001,8,"CARP",1,1,"MAPY","Macrocystis pyrifera","ALGAE",0.313095238095238,0.533333333333333,18.25,29
2001,8,"CARP",1,4,"MPS","Macrocystis pyrifera","ALGAE",0.1,0.1,NA,-Inf
2001,8,"CARP",2,4,"MAPY","Macrocystis pyrifera","ALGAE",0,0,NA,-Inf
2001,8,"CARP",3,8,"MAPY","Macrocystis pyrifera","ALGAE",0,0,NA,-Inf
2001,8,"CARP",4,8,"MAPY","Macrocystis pyrifera","ALGAE",0,0,NA,-Inf
2001,8,"CARP",5,8,"MAPY","Macrocystis pyrifera","ALGAE",0,0,NA,-Inf
2001,8,"CARP",6,8,"MAPY","Macrocystis pyrifera","ALGAE",0,0,NA,-Inf
2001,8,"CARP",7,8,"MAPY","Macrocystis pyrifera","ALGAE",0,0,NA,-Inf
2001,8,"CARP",8,4,"MAPY","Macrocystis pyrifera","ALGAE",0,0,NA,-Inf
2001,8,"GOLB",1,1,"MPS","Macrocystis pyrifera","ALGAE",0.1,0.1,NA,-Inf
2001,8,"GOLB",1,4,"MAPY","Macrocystis pyrifera","ALGAE",11.1125,15.75,100,110
2001,8,"GOLB",2,1,"MAPY","Macrocystis pyrifera","ALGAE",3.09375,9,132.5,167
2001,8,"IVEE",1,4,"MAPY","Macrocystis pyrifera","ALGAE",0.7625,2.85,92.5,170
2001,8,"IVEE",1,4,"MPS","Macrocystis pyrifera","ALGAE",0.1,0.1,NA,-Inf
2001,8,"IVEE",2,1,"MAPY","Macrocystis pyrifera","ALGAE",1.0375,3.275,78.25,125
2001,8,"IVEE",2,4,"MPS","Macrocystis pyrifera","ALGAE",0.1,0.1,NA,-Inf
2001,8,"MOHK",1,1,"MAPY","Macrocystis pyrifera","ALGAE",1.77585227272727,2.19090909090909,43.9259259259259,92
2001,8,"MOHK",1,1,"MPS","Macrocystis pyrifera","ALGAE",0.1,0.1,NA,-Inf
2001,8,"MOHK",2,1,"MPS","Macrocystis pyrifera","ALGAE",0.1,0.1,NA,-Inf
2001,8,"MOHK",2,4,"MAPY","Macrocystis pyrifera","ALGAE",1.55625,1.92,29.0526315789474,100
2001,8,"NAPL",1,8,"MAPY","Macrocystis pyrifera","ALGAE",0,0,NA,-Inf
2001,8,"NAPL",2,4,"MAPY","Macrocystis pyrifera","ALGAE",0,0,NA,-Inf
2001,8,"NAPL",3,8,"MAPY","Macrocystis pyrifera","ALGAE",0,0,NA,-Inf
2001,8,"NAPL",4,4,"MAPY","Macrocystis pyrifera","ALGAE",0,0,NA,-Inf
2001,8,"NAPL",5,4,"MAPY","Macrocystis pyrifera","ALGAE",0,0,NA,-Inf
2001,8,"NAPL",5,4,"MPS","Macrocystis pyrifera","ALGAE",0.1,0.1,NA,-Inf
2001,8,"NAPL",6,4,"MAPY","Macrocystis pyrifera","ALGAE",0,0,NA,-Inf
2001,8,"NAPL",7,4,"MAPY","Macrocystis pyrifera","ALGAE",0,0,NA,-Inf
2001,8,"NAPL",8,4,"MAPY","Macrocystis pyrifera","ALGAE",0,0,NA,-Inf
2002,8,"ABUR",1,10,"MAPY","Macrocystis pyrifera","ALGAE",3.33333333333333,6.45,61.2307692307692,168
2002,8,"ABUR",1,10,"MPS","Macrocystis pyrifera","ALGAE",0.1,0.1,NA,-Inf
2002,8,"ABUR",2,10,"MPS","Macrocystis pyrifera","ALGAE",0.1,0.1,NA,-Inf
2002,8,"ABUR",2,19,"MAPY","Macrocystis pyrifera","ALGAE",0.0708333333333333,0.15,12.5,23
2002,8,"AHND",2,10,"MAPY","Macrocystis pyrifera","ALGAE",1.925,5.15,51,105
2002,8,"AHND",2,10,"MPS","Macrocystis pyrifera","ALGAE",0.1,0.1,NA,-Inf
2002,8,"AQUE",1,10,"MAPY","Macrocystis pyrifera","ALGAE",1.06096611721612,1.25625,31.6744186046512,48
2002,8,"AQUE",1,10,"MPS","Macrocystis pyrifera","ALGAE",0.1,0.1,NA,-Inf
2002,8,"AQUE",1,13,"MAPY","Macrocystis pyrifera","ALGAE",0.615,0.615,20.5,40
2002,8,"AQUE",2,10,"MPS","Macrocystis pyrifera","ALGAE",0.1,0.1,NA,-Inf
2002,8,"AQUE",2,19,"MAPY","Macrocystis pyrifera","ALGAE",0.347001488095238,0.502380952380952,26.2574257425743,69
2002,8,"AQUE",3,3,"MAPY","Macrocystis pyrifera","ALGAE",1.74340909090909,2.15,46.5666666666667,90
2002,8,"AQUE",3,19,"MAPY","Macrocystis pyrifera","ALGAE",1.62916666666667,1.62916666666667,56.3333333333333,81
2002,8,"AQUE",3,19,"MPS","Macrocystis pyrifera","ALGAE",0.1,0.1,NA,-Inf
2002,8,"AQUE",4,18,"MAPY","Macrocystis pyrifera","ALGAE",0.05,0.05,8,8
2002,8,"AQUE",4,19,"MAPY","Macrocystis pyrifera","ALGAE",1.18727272727273,2.16666666666667,29.09375,120
2002,8,"AQUE",4,19,"MPS","Macrocystis pyrifera","ALGAE",0.1,0.1,NA,-Inf
2002,8,"AQUE",5,10,"MPS","Macrocystis pyrifera","ALGAE",0.1,0.1,NA,-Inf
2002,8,"AQUE",5,13,"MAPY","Macrocystis pyrifera","ALGAE",0.321291666666667,0.464583333333333,12.6621621621622,31
2002,8,"AQUE",5,19,"MAPY","Macrocystis pyrifera","ALGAE",0.252309113300493,0.358928571428571,17.6511627906977,54
2002,8,"AQUE",6,10,"MAPY","Macrocystis pyrifera","ALGAE",1.18339285714286,1.35,42.8064516129032,85
2002,8,"AQUE",6,10,"MPS","Macrocystis pyrifera","ALGAE",0.1,0.1,NA,-Inf
2002,8,"BULL",1,10,"MAPY","Macrocystis pyrifera","ALGAE",0.809821428571429,1.31428571428571,32.3333333333333,59
2002,8,"BULL",1,10,"MPS","Macrocystis pyrifera","ALGAE",0.1,0.1,NA,-Inf
2002,8,"BULL",3,3,"MAPY","Macrocystis pyrifera","ALGAE",1.225,1.225,42.5,50
2002,8,"BULL",3,5,"MAPY","Macrocystis pyrifera","ALGAE",0.531944444444444,0.666666666666667,37.2142857142857,60
2002,8,"BULL",6,5,"MAPY","Macrocystis pyrifera","ALGAE",0.227083333333333,0.325,40,50
2002,8,"BULL",6,5,"MPS","Macrocystis pyrifera","ALGAE",0.1,0.1,NA,-Inf
2002,8,"CARP",1,3,"MAPY","Macrocystis pyrifera","ALGAE",0.59,0.59,12.5,24
2002,8,"CARP",1,10,"MAPY","Macrocystis pyrifera","ALGAE",0.636111111111111,0.8,16.6282051282051,30
2002,8,"CARP",1,10,"MPS","Macrocystis pyrifera","ALGAE",0.1,0.1,NA,-Inf
2002,8,"CARP",2,19,"MAPY","Macrocystis pyrifera","ALGAE",0,0,NA,-Inf
2002,8,"CARP",3,19,"MAPY","Macrocystis pyrifera","ALGAE",0,0,NA,-Inf
2002,8,"CARP",4,19,"MAPY","Macrocystis pyrifera","ALGAE",0,0,NA,-Inf
2002,8,"CARP",5,19,"MAPY","Macrocystis pyrifera","ALGAE",0,0,NA,-Inf
2002,8,"CARP",6,5,"MAPY","Macrocystis pyrifera","ALGAE",0,0,NA,-Inf
2002,8,"CARP",7,5,"MAPY","Macrocystis pyrifera","ALGAE",0.15,0.3,55.5,66
2002,8,"CARP",8,19,"MAPY","Macrocystis pyrifera","ALGAE",0,0,NA,-Inf
2002,8,"GOLB",1,19,"MAPY","Macrocystis pyrifera","ALGAE",4.53541666666667,12.4,88.75,180
2002,8,"GOLB",2,10,"MAPY","Macrocystis pyrifera","ALGAE",6.1,10.75,102.333333333333,175
2002,8,"GOLB",2,10,"MPS","Macrocystis pyrifera","ALGAE",0.1,0.1,NA,-Inf
2002,8,"IVEE",1,19,"MAPY","Macrocystis pyrifera","ALGAE",0.135975877192982,0.295,15.52,90
2002,8,"IVEE",1,19,"MPS","Macrocystis pyrifera","ALGAE",0.1,0.1,NA,-Inf
2002,8,"IVEE",2,10,"MAPY","Macrocystis pyrifera","ALGAE",0.58125,1.175,65.75,87
2002,8,"IVEE",2,10,"MPS","Macrocystis pyrifera","ALGAE",0.1,0.1,NA,-Inf
2002,8,"MOHK",1,10,"MAPY","Macrocystis pyrifera","ALGAE",1.7875,2.7,47.2222222222222,76
2002,8,"MOHK",1,10,"MPS","Macrocystis pyrifera","ALGAE",0.1,0.1,NA,-Inf
2002,8,"MOHK",2,3,"MAPY","Macrocystis pyrifera","ALGAE",2.15357142857143,3.8,47.2272727272727,150
2002,8,"MOHK",2,19,"MAPY","Macrocystis pyrifera","ALGAE",1.51379310344828,2.2,44.5588235294118,100
2002,8,"MOHK",2,19,"MPS","Macrocystis pyrifera","ALGAE",0.1,0.1,NA,-Inf
2002,8,"NAPL",1,10,"MAPY","Macrocystis pyrifera","ALGAE",0.2625,0.6,24.25,30
2002,8,"NAPL",1,10,"MPS","Macrocystis pyrifera","ALGAE",0.1,0.1,NA,-Inf
2002,8,"NAPL",2,19,"MAPY","Macrocystis pyrifera","ALGAE",0.121666666666667,0.266666666666667,20.9411764705882,40
2002,8,"NAPL",2,19,"MPS","Macrocystis pyrifera","ALGAE",0.1,0.1,NA,-Inf
2002,8,"NAPL",3,19,"MAPY","Macrocystis pyrifera","ALGAE",0.0625,0.2,28.5,35
2002,8,"NAPL",3,19,"MPS","Macrocystis pyrifera","ALGAE",0.1,0.1,NA,-Inf
2002,8,"NAPL",4,10,"MAPY","Macrocystis pyrifera","ALGAE",0,0,NA,-Inf
2002,8,"NAPL",5,10,"MAPY","Macrocystis pyrifera","ALGAE",0.310416666666667,0.4,24.8571428571429,32
2002,8,"NAPL",5,19,"MPS","Macrocystis pyrifera","ALGAE",0.1,0.1,NA,-Inf
2002,8,"NAPL",6,19,"MAPY","Macrocystis pyrifera","ALGAE",0,0,NA,-Inf
2002,8,"NAPL",7,10,"MAPY","Macrocystis pyrifera","ALGAE",0.220833333333333,0.5,21.5,31
2002,8,"NAPL",7,19,"MPS","Macrocystis pyrifera","ALGAE",0.1,0.1,NA,-Inf
2002,8,"NAPL",8,19,"MAPY","Macrocystis pyrifera","ALGAE",0.0875,0.15,22.25,30
2002,8,"NAPL",8,19,"MPS","Macrocystis pyrifera","ALGAE",0.1,0.1,NA,-Inf
2002,9,"AHND",1,2,"MAPY","Macrocystis pyrifera","ALGAE",0,0,NA,-Inf
2003,8,"ABUR",1,31,"MAPY","Macrocystis pyrifera","ALGAE",0.24375,0.725,29.3333333333333,41
2003,8,"ABUR",1,31,"MPS","Macrocystis pyrifera","ALGAE",0.1,0.1,NA,-Inf
2003,8,"ABUR",2,19,"MAPY","Macrocystis pyrifera","ALGAE",0,0,NA,-Inf
2003,8,"AHND",1,31,"MAPY","Macrocystis pyrifera","ALGAE",0,0,NA,-Inf
2003,8,"AHND",2,31,"MAPY","Macrocystis pyrifera","ALGAE",0.48125,0.842857142857143,37.8,54
2003,8,"AHND",2,31,"MPS","Macrocystis pyrifera","ALGAE",0.1,0.1,NA,-Inf
2003,8,"AQUE",1,19,"MAPY","Macrocystis pyrifera","ALGAE",2.20517857142857,2.875,74.8148148148148,210
2003,8,"AQUE",1,19,"MPS","Macrocystis pyrifera","ALGAE",0.1,0.1,NA,-Inf
2003,8,"AQUE",2,5,"MAPY","Macrocystis pyrifera","ALGAE",2.77166666666667,4.35,49.1818181818182,117
2003,8,"AQUE",2,5,"MPS","Macrocystis pyrifera","ALGAE",0.1,0.1,NA,-Inf
2003,8,"AQUE",3,19,"MAPY","Macrocystis pyrifera","ALGAE",2.19285714285714,3.72142857142857,76.2173913043478,150
2003,8,"AQUE",3,19,"MPS","Macrocystis pyrifera","ALGAE",0.1,0.1,NA,-Inf
2003,8,"AQUE",4,19,"MAPY","Macrocystis pyrifera","ALGAE",2.49416666666667,3.51666666666667,78.3333333333333,150
2003,8,"AQUE",4,19,"MPS","Macrocystis pyrifera","ALGAE",0.1,0.1,NA,-Inf
2003,8,"AQUE",5,5,"MAPY","Macrocystis pyrifera","ALGAE",1.00241883116883,1.11,37.9268292682927,76
2003,8,"AQUE",6,5,"MAPY","Macrocystis pyrifera","ALGAE",1.63923611111111,2.1125,56.5483870967742,108
2003,8,"BULL",1,19,"MAPY","Macrocystis pyrifera","ALGAE",1.81125,3.51666666666667,46.5217391304348,100
2003,8,"BULL",1,19,"MPS","Macrocystis pyrifera","ALGAE",0.1,0.1,NA,-Inf
2003,8,"BULL",3,19,"MAPY","Macrocystis pyrifera","ALGAE",1.4875,3.2,80,100
2003,8,"BULL",3,19,"MPS","Macrocystis pyrifera","ALGAE",0.1,0.1,NA,-Inf
2003,8,"BULL",6,19,"MAPY","Macrocystis pyrifera","ALGAE",1.0125,2.12777777777778,82.5,135
2003,8,"BULL",6,31,"MPS","Macrocystis pyrifera","ALGAE",0.1,0.1,NA,-Inf
2003,8,"CARP",1,19,"MAPY","Macrocystis pyrifera","ALGAE",0.629569892473118,0.8,21.5492957746479,50
2003,8,"CARP",1,19,"MPS","Macrocystis pyrifera","ALGAE",0.1,0.1,NA,-Inf
2003,8,"CARP",2,31,"MAPY","Macrocystis pyrifera","ALGAE",0,0,NA,-Inf
2003,8,"CARP",2,31,"MPS","Macrocystis pyrifera","ALGAE",0.1,0.1,NA,-Inf
2003,8,"CARP",3,19,"MAPY","Macrocystis pyrifera","ALGAE",0.372083333333333,0.525,22.5,45
2003,8,"CARP",3,19,"MPS","Macrocystis pyrifera","ALGAE",0.1,0.1,NA,-Inf
2003,8,"CARP",4,31,"MAPY","Macrocystis pyrifera","ALGAE",0,0,NA,-Inf
2003,8,"CARP",5,31,"MAPY","Macrocystis pyrifera","ALGAE",0,0,NA,-Inf
2003,8,"CARP",6,31,"MAPY","Macrocystis pyrifera","ALGAE",0.18125,0.4,35,57
2003,8,"CARP",6,31,"MPS","Macrocystis pyrifera","ALGAE",0.1,0.1,NA,-Inf
2003,8,"CARP",7,19,"MPS","Macrocystis pyrifera","ALGAE",0.1,0.1,NA,-Inf
2003,8,"CARP",7,31,"MAPY","Macrocystis pyrifera","ALGAE",0,0,NA,-Inf
2003,8,"CARP",8,31,"MAPY","Macrocystis pyrifera","ALGAE",0,0,NA,-Inf
2003,8,"GOLB",1,19,"MAPY","Macrocystis pyrifera","ALGAE",1.65125,4.175,37.4137931034483,200
2003,8,"GOLB",1,19,"MPS","Macrocystis pyrifera","ALGAE",0.1,0.1,NA,-Inf
2003,8,"GOLB",2,5,"MAPY","Macrocystis pyrifera","ALGAE",5.93072916666667,17.3,12.25,54
2003,8,"GOLB",2,31,"MPS","Macrocystis pyrifera","ALGAE",0.1,0.1,NA,-Inf
2003,8,"IVEE",1,19,"MAPY","Macrocystis pyrifera","ALGAE",0.341666666666667,0.45,20,30
2003,8,"IVEE",1,19,"MPS","Macrocystis pyrifera","ALGAE",0.1,0.1,NA,-Inf
2003,8,"IVEE",2,5,"MAPY","Macrocystis pyrifera","ALGAE",1.325,3.05,31.4,41
2003,8,"IVEE",2,31,"MPS","Macrocystis pyrifera","ALGAE",0.1,0.1,NA,-Inf
2003,8,"MOHK",1,31,"MAPY","Macrocystis pyrifera","ALGAE",0.707291666666667,0.805555555555556,37.18,63
2003,8,"MOHK",1,31,"MPS","Macrocystis pyrifera","ALGAE",0.1,0.1,NA,-Inf
2003,8,"MOHK",2,19,"MAPY","Macrocystis pyrifera","ALGAE",0.513892062425329,0.832258064516129,26.3508771929825,100
2003,8,"MOHK",2,19,"MPS","Macrocystis pyrifera","ALGAE",0.1,0.1,NA,-Inf
2003,8,"NAPL",1,31,"MAPY","Macrocystis pyrifera","ALGAE",0.731479978354978,0.891666666666667,41.0666666666667,90
2003,8,"NAPL",1,31,"MPS","Macrocystis pyrifera","ALGAE",0.1,0.1,NA,-Inf
2003,8,"NAPL",2,19,"MAPY","Macrocystis pyrifera","ALGAE",0.891201690821256,0.995,34.1929824561403,80
2003,8,"NAPL",2,19,"MPS","Macrocystis pyrifera","ALGAE",0.1,0.1,NA,-Inf
2003,8,"NAPL",3,31,"MAPY","Macrocystis pyrifera","ALGAE",0.598125,1,42.375,72
2003,8,"NAPL",3,31,"MPS","Macrocystis pyrifera","ALGAE",0.1,0.1,NA,-Inf
2003,8,"NAPL",4,19,"MAPY","Macrocystis pyrifera","ALGAE",0.462321428571429,0.56,28.2352941176471,60
2003,8,"NAPL",4,19,"MPS","Macrocystis pyrifera","ALGAE",0.1,0.1,NA,-Inf
2003,8,"NAPL",5,31,"MAPY","Macrocystis pyrifera","ALGAE",1.06773493051067,1.34285714285714,45.9111111111111,105
2003,8,"NAPL",5,31,"MPS","Macrocystis pyrifera","ALGAE",0.1,0.1,NA,-Inf
2003,8,"NAPL",6,19,"MAPY","Macrocystis pyrifera","ALGAE",0.260929487179487,0.415384615384615,31.25,50
2003,8,"NAPL",6,19,"MPS","Macrocystis pyrifera","ALGAE",0.1,0.1,NA,-Inf
2003,8,"NAPL",7,31,"MAPY","Macrocystis pyrifera","ALGAE",1.27142857142857,2.425,43.8148148148148,110
2003,8,"NAPL",7,31,"MPS","Macrocystis pyrifera","ALGAE",0.1,0.1,NA,-Inf
2003,8,"NAPL",8,19,"MAPY","Macrocystis pyrifera","ALGAE",0.394791666666667,0.438888888888889,30,60
2003,8,"NAPL",8,19,"MPS","Macrocystis pyrifera","ALGAE",0.1,0.1,NA,-Inf
2004,7,"ABUR",1,31,"MAPY","Macrocystis pyrifera","ALGAE",0.2125,0.55,28.3333333333333,31
2004,7,"ABUR",1,31,"MPS","Macrocystis pyrifera","ALGAE",0.1,0.1,NA,-Inf
2004,7,"ABUR",2,19,"MAPY","Macrocystis pyrifera","ALGAE",0,0,NA,-Inf
2004,7,"AHND",1,31,"MAPY","Macrocystis pyrifera","ALGAE",0,0,NA,-Inf
2004,7,"AHND",2,31,"MAPY","Macrocystis pyrifera","ALGAE",1.22083333333333,1.675,65.4166666666667,89
2004,7,"AHND",2,31,"MPS","Macrocystis pyrifera","ALGAE",0.1,0.1,NA,-Inf
2004,7,"AQUE",1,19,"MPS","Macrocystis pyrifera","ALGAE",0.1,0.1,NA,-Inf
2004,7,"AQUE",1,35,"MAPY","Macrocystis pyrifera","ALGAE",0.587777777777778,1.28333333333333,27.5454545454545,130
2004,7,"AQUE",2,19,"MPS","Macrocystis pyrifera","ALGAE",0.1,0.1,NA,-Inf
2004,7,"AQUE",2,35,"MAPY","Macrocystis pyrifera","ALGAE",1.454375,2.43,60.2666666666667,117
2004,7,"AQUE",3,31,"MAPY","Macrocystis pyrifera","ALGAE",1.44166666666667,2.23333333333333,92.2,196
2004,7,"AQUE",4,31,"MAPY","Macrocystis pyrifera","ALGAE",1.6125,3.15,83,114
2004,7,"AQUE",4,31,"MPS","Macrocystis pyrifera","ALGAE",0.1,0.1,NA,-Inf
2004,7,"AQUE",5,31,"MAPY","Macrocystis pyrifera","ALGAE",0.877604166666667,1.11666666666667,47.4642857142857,103
2004,7,"AQUE",5,31,"MPS","Macrocystis pyrifera","ALGAE",0.1,0.1,NA,-Inf
2004,7,"AQUE",6,19,"MPS","Macrocystis pyrifera","ALGAE",0.1,0.1,NA,-Inf
2004,7,"AQUE",6,35,"MAPY","Macrocystis pyrifera","ALGAE",1.02068452380952,1.20833333333333,50.6666666666667,94
2004,7,"BULL",1,19,"MAPY","Macrocystis pyrifera","ALGAE",0.1875,0.4,28.3333333333333,30
2004,7,"BULL",1,19,"MPS","Macrocystis pyrifera","ALGAE",0.1,0.1,NA,-Inf
2004,7,"BULL",3,19,"MAPY","Macrocystis pyrifera","ALGAE",0,0,NA,-Inf
2004,7,"BULL",3,19,"MPS","Macrocystis pyrifera","ALGAE",0.1,0.1,NA,-Inf
2004,7,"BULL",6,19,"MAPY","Macrocystis pyrifera","ALGAE",0.108333333333333,0.233333333333333,13.75,20
2004,7,"BULL",6,19,"MPS","Macrocystis pyrifera","ALGAE",0.1,0.1,NA,-Inf
2004,7,"CARP",1,31,"MAPY","Macrocystis pyrifera","ALGAE",0.438942307692308,0.630769230769231,21.7647058823529,47
2004,7,"CARP",1,31,"MPS","Macrocystis pyrifera","ALGAE",0.1,0.1,NA,-Inf
2004,7,"CARP",2,31,"MAPY","Macrocystis pyrifera","ALGAE",0.307142857142857,0.364285714285714,26,44
2004,7,"CARP",2,31,"MPS","Macrocystis pyrifera","ALGAE",0.1,0.1,NA,-Inf
2004,7,"CARP",3,19,"MAPY","Macrocystis pyrifera","ALGAE",0.406633947649573,0.4859375,18,50
2004,7,"CARP",3,19,"MPS","Macrocystis pyrifera","ALGAE",0.1,0.1,NA,-Inf
2004,7,"CARP",4,4,"MAPY","Macrocystis pyrifera","ALGAE",0.252083333333333,0.3,15.7333333333333,25
2004,7,"CARP",4,31,"MPS","Macrocystis pyrifera","ALGAE",0.1,0.1,NA,-Inf
2004,7,"CARP",5,31,"MAPY","Macrocystis pyrifera","ALGAE",0,0,NA,-Inf
2004,7,"CARP",6,19,"MAPY","Macrocystis pyrifera","ALGAE",0.175,0.4125,15,25
2004,7,"CARP",6,19,"MPS","Macrocystis pyrifera","ALGAE",0.1,0.1,NA,-Inf
2004,7,"CARP",7,19,"MPS","Macrocystis pyrifera","ALGAE",0.1,0.1,NA,-Inf
2004,7,"CARP",7,35,"MAPY","Macrocystis pyrifera","ALGAE",0.306330128205128,0.336666666666667,17.22,40
2004,7,"CARP",8,19,"MPS","Macrocystis pyrifera","ALGAE",0.1,0.1,NA,-Inf
2004,7,"CARP",8,35,"MAPY","Macrocystis pyrifera","ALGAE",0,0,NA,-Inf
2004,7,"GOLB",1,19,"MAPY","Macrocystis pyrifera","ALGAE",1.45,2.9,54.1666666666667,150
2004,7,"GOLB",1,19,"MPS","Macrocystis pyrifera","ALGAE",0.1,0.1,NA,-Inf
2004,7,"GOLB",2,31,"MAPY","Macrocystis pyrifera","ALGAE",0.31375,0.725,27.5714285714286,63
2004,7,"GOLB",2,31,"MPS","Macrocystis pyrifera","ALGAE",0.1,0.1,NA,-Inf
2004,7,"IVEE",1,19,"MAPY","Macrocystis pyrifera","ALGAE",0.3375,0.85,47.5,100
2004,7,"IVEE",1,19,"MPS","Macrocystis pyrifera","ALGAE",0.1,0.1,NA,-Inf
2004,7,"IVEE",2,31,"MAPY","Macrocystis pyrifera","ALGAE",0.75,2.15,41.3571428571429,140
2004,7,"IVEE",2,31,"MPS","Macrocystis pyrifera","ALGAE",0.1,0.1,NA,-Inf
2004,7,"MOHK",1,13,"MAPY","Macrocystis pyrifera","ALGAE",0.368181818181818,0.368181818181818,14.9090909090909,41
2004,7,"MOHK",1,19,"MAPY","Macrocystis pyrifera","ALGAE",1.1796568627451,1.5,33.875,75
2004,7,"MOHK",1,19,"MPS","Macrocystis pyrifera","ALGAE",0.1,0.1,NA,-Inf
2004,7,"MOHK",2,31,"MAPY","Macrocystis pyrifera","ALGAE",0.741666666666667,1.15,48,90
2004,7,"MOHK",2,31,"MPS","Macrocystis pyrifera","ALGAE",0.1,0.1,NA,-Inf
2004,7,"NAPL",1,19,"MAPY","Macrocystis pyrifera","ALGAE",1.04885281385281,1.14,47.8709677419355,100
2004,7,"NAPL",1,19,"MPS","Macrocystis pyrifera","ALGAE",0.1,0.1,NA,-Inf
2004,7,"NAPL",2,19,"MAPY","Macrocystis pyrifera","ALGAE",0.977840909090909,1.4,28.1764705882353,100
2004,7,"NAPL",2,19,"MPS","Macrocystis pyrifera","ALGAE",0.1,0.1,NA,-Inf
2004,7,"NAPL",3,31,"MAPY","Macrocystis pyrifera","ALGAE",0.858333333333333,1.7,41.5555555555556,93
2004,7,"NAPL",3,31,"MPS","Macrocystis pyrifera","ALGAE",0.1,0.1,NA,-Inf
2004,7,"NAPL",4,31,"MAPY","Macrocystis pyrifera","ALGAE",0.55,2.2,57.6666666666667,73
2004,7,"NAPL",4,31,"MPS","Macrocystis pyrifera","ALGAE",0.1,0.1,NA,-Inf
2004,7,"NAPL",5,31,"MAPY","Macrocystis pyrifera","ALGAE",0.654166666666667,1.16666666666667,58.25,84
2004,7,"NAPL",5,31,"MPS","Macrocystis pyrifera","ALGAE",0.1,0.1,NA,-Inf
2004,7,"NAPL",6,31,"MAPY","Macrocystis pyrifera","ALGAE",0.550833333333333,1.07,45,65
2004,7,"NAPL",6,31,"MPS","Macrocystis pyrifera","ALGAE",0.1,0.1,NA,-Inf
2004,7,"NAPL",7,19,"MAPY","Macrocystis pyrifera","ALGAE",0.426643518518519,0.495,27.1549295774648,80
2004,7,"NAPL",7,19,"MPS","Macrocystis pyrifera","ALGAE",0.1,0.1,NA,-Inf
2004,7,"NAPL",8,19,"MAPY","Macrocystis pyrifera","ALGAE",0.542657342657343,1.15,27.2,40
2004,7,"NAPL",8,19,"MPS","Macrocystis pyrifera","ALGAE",0.1,0.1,NA,-Inf
2004,8,"SCDI",2,36,"MAPY","Macrocystis pyrifera","ALGAE",0,0,NA,-Inf
2004,8,"SCDI",2,36,"MPS","Macrocystis pyrifera","ALGAE",0.1,0.1,NA,-Inf
2004,8,"SCDI",3,36,"MAPY","Macrocystis pyrifera","ALGAE",0,0,NA,-Inf
2004,8,"SCDI",3,36,"MPS","Macrocystis pyrifera","ALGAE",0.1,0.1,NA,-Inf
2004,8,"SCTW",2,19,"MAPY","Macrocystis pyrifera","ALGAE",0,0,NA,-Inf
2004,8,"SCTW",3,19,"MAPY","Macrocystis pyrifera","ALGAE",0,0,NA,-Inf
2005,7,"ABUR",1,19,"MAPY","Macrocystis pyrifera","ALGAE",0.921875,1.9,31.0714285714286,80
2005,7,"ABUR",1,19,"MPS","Macrocystis pyrifera","ALGAE",0.1,0.1,NA,-Inf
2005,7,"ABUR",2,19,"MAPY","Macrocystis pyrifera","ALGAE",0.2875,0.95,12.5,20
2005,7,"ABUR",2,19,"MPS","Macrocystis pyrifera","ALGAE",0.1,0.1,NA,-Inf
2005,7,"AHND",1,30,"MAPY","Macrocystis pyrifera","ALGAE",0,0,NA,-Inf
2005,7,"AHND",1,31,"MPS","Macrocystis pyrifera","ALGAE",0.1,0.1,NA,-Inf
2005,7,"AHND",2,30,"MAPY","Macrocystis pyrifera","ALGAE",1.01836538461538,1.28846153846154,39.625,64
2005,7,"AHND",2,31,"MPS","Macrocystis pyrifera","ALGAE",0.1,0.1,NA,-Inf
2005,7,"AQUE",1,10,"MAPY","Macrocystis pyrifera","ALGAE",1.165,1.51,38.4210526315789,55
2005,7,"AQUE",1,10,"MPS","Macrocystis pyrifera","ALGAE",0.1,0.1,NA,-Inf
2005,7,"AQUE",2,10,"MAPY","Macrocystis pyrifera","ALGAE",1.49895833333333,3.13333333333333,58.75,109
2005,7,"AQUE",3,10,"MAPY","Macrocystis pyrifera","ALGAE",0.9625,3.85,150,150
2005,7,"AQUE",4,19,"MAPY","Macrocystis pyrifera","ALGAE",2.825,7.35,137.5,150
2005,7,"AQUE",4,19,"MPS","Macrocystis pyrifera","ALGAE",0.1,0.1,NA,-Inf
2005,7,"AQUE",5,19,"MAPY","Macrocystis pyrifera","ALGAE",1.206875,1.54,74,150
2005,7,"AQUE",6,10,"MAPY","Macrocystis pyrifera","ALGAE",0.869791666666667,1.86666666666667,46.4545454545455,115
2005,7,"AQUE",6,10,"MPS","Macrocystis pyrifera","ALGAE",0.1,0.1,NA,-Inf
2005,7,"BULL",1,10,"MAPY","Macrocystis pyrifera","ALGAE",2.07291666666667,4.3,59.4,89
2005,7,"BULL",3,10,"MAPY","Macrocystis pyrifera","ALGAE",1.075,2.3,54.6666666666667,66
2005,7,"BULL",3,10,"MPS","Macrocystis pyrifera","ALGAE",0.1,0.1,NA,-Inf
2005,7,"BULL",6,30,"MAPY","Macrocystis pyrifera","ALGAE",1.34571428571429,1.64285714285714,59,84
2005,7,"CARP",1,10,"MAPY","Macrocystis pyrifera","ALGAE",0.545993120863811,0.56551724137931,12.8611111111111,40
2005,7,"CARP",1,10,"MPS","Macrocystis pyrifera","ALGAE",0.1,0.1,NA,-Inf
2005,7,"CARP",1,36,"MAPY","Macrocystis pyrifera","ALGAE",0.562615207373272,0.689516129032258,11.5217391304348,32
2005,7,"CARP",2,6,"MAPY","Macrocystis pyrifera","ALGAE",0.543289473684211,0.86,25.530612244898,88
2005,7,"CARP",2,6,"MPS","Macrocystis pyrifera","ALGAE",0.1,0.1,NA,-Inf
2005,7,"CARP",2,28,"MAPY","Macrocystis pyrifera","ALGAE",0.384166666666667,0.393333333333333,16.5263157894737,55
2005,7,"CARP",3,6,"MAPY","Macrocystis pyrifera","ALGAE",0.892708333333333,1.53333333333333,46.5,69
2005,7,"CARP",3,6,"MPS","Macrocystis pyrifera","ALGAE",0.1,0.1,NA,-Inf
2005,7,"CARP",4,10,"MAPY","Macrocystis pyrifera","ALGAE",0.25,0.3,16.1428571428571,23
2005,7,"CARP",4,10,"MPS","Macrocystis pyrifera","ALGAE",0.1,0.1,NA,-Inf
2005,7,"CARP",5,19,"MAPY","Macrocystis pyrifera","ALGAE",0.160416666666667,0.366666666666667,21.4285714285714,25
2005,7,"CARP",5,19,"MPS","Macrocystis pyrifera","ALGAE",0.1,0.1,NA,-Inf
2005,7,"CARP",6,6,"MAPY","Macrocystis pyrifera","ALGAE",0.3475,1.39,49.2,65
2005,7,"CARP",6,6,"MPS","Macrocystis pyrifera","ALGAE",0.1,0.1,NA,-Inf
2005,7,"CARP",7,1,"MAPY","Macrocystis pyrifera","ALGAE",1.72305555555556,2.17,49.1379310344828,123
2005,7,"CARP",8,19,"MAPY","Macrocystis pyrifera","ALGAE",0.382202442380461,0.395833333333333,17.0779220779221,30
2005,7,"CARP",8,19,"MPS","Macrocystis pyrifera","ALGAE",0.1,0.1,NA,-Inf
2005,7,"CARP",8,36,"MAPY","Macrocystis pyrifera","ALGAE",0.3578125,0.3578125,11.5625,25
2005,7,"IVEE",1,6,"MAPY","Macrocystis pyrifera","ALGAE",0.3375,1.35,98,98
2005,7,"IVEE",2,6,"MAPY","Macrocystis pyrifera","ALGAE",1.05996212121212,1.705,94.5714285714286,199
2005,7,"IVEE",2,6,"MPS","Macrocystis pyrifera","ALGAE",0.1,0.1,NA,-Inf
2005,7,"MOHK",1,19,"MAPY","Macrocystis pyrifera","ALGAE",0.0583333333333333,0.233333333333333,5,5
2005,7,"MOHK",1,19,"MPS","Macrocystis pyrifera","ALGAE",0.1,0.1,NA,-Inf
2005,7,"MOHK",2,6,"MAPY","Macrocystis pyrifera","ALGAE",1.18166666666667,2.46666666666667,57.6923076923077,105
2005,7,"MOHK",2,6,"MPS","Macrocystis pyrifera","ALGAE",0.1,0.1,NA,-Inf
2005,7,"NAPL",1,10,"MAPY","Macrocystis pyrifera","ALGAE",1.44657738095238,1.86428571428571,39.2941176470588,91
2005,7,"NAPL",1,10,"MPS","Macrocystis pyrifera","ALGAE",0.1,0.1,NA,-Inf
2005,7,"NAPL",2,10,"MAPY","Macrocystis pyrifera","ALGAE",1.02202380952381,1.20714285714286,30.2857142857143,69
2005,7,"NAPL",2,10,"MPS","Macrocystis pyrifera","ALGAE",0.1,0.1,NA,-Inf
2005,7,"NAPL",3,10,"MAPY","Macrocystis pyrifera","ALGAE",0.3625,0.6,24.3333333333333,48
2005,7,"NAPL",3,30,"MPS","Macrocystis pyrifera","ALGAE",0.1,0.1,NA,-Inf
2005,7,"NAPL",4,30,"MAPY","Macrocystis pyrifera","ALGAE",1.44583333333333,2.28333333333333,57,94
2005,7,"NAPL",5,6,"MPS","Macrocystis pyrifera","ALGAE",0.1,0.1,NA,-Inf
2005,7,"NAPL",5,28,"MAPY","Macrocystis pyrifera","ALGAE",0.952777777777778,1.14444444444444,38.5,65
2005,7,"NAPL",6,1,"MAPY","Macrocystis pyrifera","ALGAE",0.8215625,1.08125,45.9375,79
2005,7,"NAPL",6,6,"MPS","Macrocystis pyrifera","ALGAE",0.1,0.1,NA,-Inf
2005,7,"NAPL",7,19,"MAPY","Macrocystis pyrifera","ALGAE",0.743107142857143,1.19,29.5918367346939,60
2005,7,"NAPL",7,19,"MPS","Macrocystis pyrifera","ALGAE",0.1,0.1,NA,-Inf
2005,7,"NAPL",8,19,"MAPY","Macrocystis pyrifera","ALGAE",0.308814102564103,0.476923076923077,24.1935483870968,50
2005,7,"NAPL",8,19,"MPS","Macrocystis pyrifera","ALGAE",0.1,0.1,NA,-Inf
2005,7,"SCDI",2,1,"MAPY","Macrocystis pyrifera","ALGAE",0,0,NA,-Inf
2005,7,"SCDI",3,1,"MAPY","Macrocystis pyrifera","ALGAE",0,0,NA,-Inf
2005,7,"SCTW",2,1,"MAPY","Macrocystis pyrifera","ALGAE",0,0,NA,-Inf
2005,7,"SCTW",3,1,"MAPY","Macrocystis pyrifera","ALGAE",0,0,NA,-Inf
2005,7,"SCTW",3,1,"MPS","Macrocystis pyrifera","ALGAE",0.1,0.1,NA,-Inf
2005,8,"GOLB",1,10,"MAPY","Macrocystis pyrifera","ALGAE",0.3375,1.15,30,42
2005,8,"GOLB",1,10,"MPS","Macrocystis pyrifera","ALGAE",0.1,0.1,NA,-Inf
2005,8,"GOLB",2,10,"MAPY","Macrocystis pyrifera","ALGAE",0.725,1.425,26.2,68
2005,8,"GOLB",2,10,"MPS","Macrocystis pyrifera","ALGAE",0.1,0.1,NA,-Inf
2006,7,"ABUR",1,42,"MAPY","Macrocystis pyrifera","ALGAE",0.1375,0.55,30,30
2006,7,"ABUR",1,42,"MPS","Macrocystis pyrifera","ALGAE",0.1,0.1,NA,-Inf
2006,7,"ABUR",2,31,"MAPY","Macrocystis pyrifera","ALGAE",0,0,NA,-Inf
2006,7,"ABUR",2,31,"MPS","Macrocystis pyrifera","ALGAE",0.1,0.1,NA,-Inf
2006,7,"AHND",1,19,"MAPY","Macrocystis pyrifera","ALGAE",0,0,NA,-Inf
2006,7,"AHND",2,19,"MAPY","Macrocystis pyrifera","ALGAE",1.02458333333333,1.625,37.6190476190476,75
2006,7,"AHND",2,19,"MPS","Macrocystis pyrifera","ALGAE",0.1,0.1,NA,-Inf
2006,7,"AQUE",1,19,"MAPY","Macrocystis pyrifera","ALGAE",0.243154761904762,0.283333333333333,22.5652173913043,75
2006,7,"AQUE",1,19,"MPS","Macrocystis pyrifera","ALGAE",0.1,0.1,NA,-Inf
2006,7,"AQUE",2,19,"MAPY","Macrocystis pyrifera","ALGAE",3.0375,4.375,111.071428571429,200
2006,7,"AQUE",2,19,"MPS","Macrocystis pyrifera","ALGAE",0.1,0.1,NA,-Inf
2006,7,"AQUE",3,42,"MPS","Macrocystis pyrifera","ALGAE",0.1,0.1,NA,-Inf
2006,7,"AQUE",3,52,"MAPY","Macrocystis pyrifera","ALGAE",2.95,5.4,112.2,175
2006,7,"AQUE",4,42,"MPS","Macrocystis pyrifera","ALGAE",0.1,0.1,NA,-Inf
2006,7,"AQUE",4,52,"MAPY","Macrocystis pyrifera","ALGAE",1.74375,4.825,61.2857142857143,163
2006,7,"AQUE",5,42,"MAPY","Macrocystis pyrifera","ALGAE",0.783333333333333,1.43333333333333,49.2857142857143,70
2006,7,"AQUE",6,19,"MAPY","Macrocystis pyrifera","ALGAE",0.480208333333333,1.33333333333333,76.4285714285714,100
2006,7,"AQUE",6,19,"MPS","Macrocystis pyrifera","ALGAE",0.1,0.1,NA,-Inf
2006,7,"BULL",1,42,"MAPY","Macrocystis pyrifera","ALGAE",2.09375,5.425,64.8181818181818,140
2006,7,"BULL",1,42,"MPS","Macrocystis pyrifera","ALGAE",0.1,0.1,NA,-Inf
2006,7,"BULL",3,42,"MAPY","Macrocystis pyrifera","ALGAE",0.696875,1.6875,66,100
2006,7,"BULL",6,19,"MAPY","Macrocystis pyrifera","ALGAE",0.7125,2.25,23,75
2006,7,"BULL",6,19,"MPS","Macrocystis pyrifera","ALGAE",0.1,0.1,NA,-Inf
2006,7,"CARP",1,19,"MAPY","Macrocystis pyrifera","ALGAE",0.603266696615753,0.708490566037736,18.8581081081081,50
2006,7,"CARP",1,19,"MPS","Macrocystis pyrifera","ALGAE",0.1,0.1,NA,-Inf
2006,7,"CARP",1,31,"MAPY","Macrocystis pyrifera","ALGAE",0.423529411764706,0.423529411764706,20.2352941176471,45
2006,7,"CARP",2,42,"MAPY","Macrocystis pyrifera","ALGAE",1.36214962121212,1.86818181818182,37.0789473684211,71
2006,7,"CARP",2,42,"MPS","Macrocystis pyrifera","ALGAE",0.1,0.1,NA,-Inf
2006,7,"CARP",3,19,"MAPY","Macrocystis pyrifera","ALGAE",0,0,NA,-Inf
2006,7,"CARP",3,19,"MPS","Macrocystis pyrifera","ALGAE",0.1,0.1,NA,-Inf
2006,7,"CARP",4,42,"MAPY","Macrocystis pyrifera","ALGAE",0.05,0.2,10,10
2006,7,"CARP",4,42,"MPS","Macrocystis pyrifera","ALGAE",0.1,0.1,NA,-Inf
2006,7,"CARP",5,19,"MAPY","Macrocystis pyrifera","ALGAE",0,0,NA,-Inf
2006,7,"CARP",5,19,"MPS","Macrocystis pyrifera","ALGAE",0.1,0.1,NA,-Inf
2006,7,"CARP",6,42,"MAPY","Macrocystis pyrifera","ALGAE",0,0,NA,-Inf
2006,7,"CARP",7,42,"MAPY","Macrocystis pyrifera","ALGAE",0,0,NA,-Inf
2006,7,"CARP",7,42,"MPS","Macrocystis pyrifera","ALGAE",0.1,0.1,NA,-Inf
2006,7,"CARP",8,19,"MAPY","Macrocystis pyrifera","ALGAE",2.83125,3.425,69.4545454545455,110
2006,7,"CARP",8,19,"MPS","Macrocystis pyrifera","ALGAE",0.1,0.1,NA,-Inf
2006,7,"GOLB",1,19,"MAPY","Macrocystis pyrifera","ALGAE",0.05,0.2,20,20
2006,7,"GOLB",1,19,"MPS","Macrocystis pyrifera","ALGAE",0.1,0.1,NA,-Inf
2006,7,"GOLB",2,42,"MAPY","Macrocystis pyrifera","ALGAE",0.289285714285714,0.5,24.1666666666667,60
2006,7,"GOLB",2,42,"MPS","Macrocystis pyrifera","ALGAE",0.1,0.1,NA,-Inf
2006,7,"GOLB",2,51,"MPS","Macrocystis pyrifera","ALGAE",0.1,0.1,NA,-Inf
2006,7,"IVEE",1,19,"MAPY","Macrocystis pyrifera","ALGAE",2.375,5.05,105,130
2006,7,"IVEE",2,42,"MAPY","Macrocystis pyrifera","ALGAE",0.827083333333333,2.05833333333333,67.2222222222222,105
2006,7,"IVEE",2,42,"MPS","Macrocystis pyrifera","ALGAE",0.1,0.1,NA,-Inf
2006,7,"MOHK",1,42,"MAPY","Macrocystis pyrifera","ALGAE",0.551363636363636,0.755,35.2333333333333,71
2006,7,"MOHK",1,42,"MPS","Macrocystis pyrifera","ALGAE",0.1,0.1,NA,-Inf
2006,7,"MOHK",2,19,"MAPY","Macrocystis pyrifera","ALGAE",0.159659090909091,0.238636363636364,20.6944444444444,30
2006,7,"MOHK",2,19,"MPS","Macrocystis pyrifera","ALGAE",0.1,0.1,NA,-Inf
2006,7,"NAPL",1,19,"MAPY","Macrocystis pyrifera","ALGAE",0.332352941176471,0.379411764705882,16.6530612244898,40
2006,7,"NAPL",1,19,"MPS","Macrocystis pyrifera","ALGAE",0.1,0.1,NA,-Inf
2006,7,"NAPL",2,1,"MAPY","Macrocystis pyrifera","ALGAE",0.482321187584346,0.592105263157895,20.7922077922078,40
2006,7,"NAPL",2,19,"MPS","Macrocystis pyrifera","ALGAE",0.1,0.1,NA,-Inf
2006,7,"NAPL",3,13,"MAPY","Macrocystis pyrifera","ALGAE",0.43125,0.7,27.3333333333333,42
2006,7,"NAPL",3,42,"MPS","Macrocystis pyrifera","ALGAE",0.1,0.1,NA,-Inf
2006,7,"NAPL",4,42,"MAPY","Macrocystis pyrifera","ALGAE",0,0,NA,-Inf
2006,7,"NAPL",5,13,"MAPY","Macrocystis pyrifera","ALGAE",0.1,0.2,16,20
2006,7,"NAPL",5,36,"MPS","Macrocystis pyrifera","ALGAE",0.1,0.1,NA,-Inf
2006,7,"NAPL",6,13,"MAPY","Macrocystis pyrifera","ALGAE",0.1,0.2,20.6666666666667,25
2006,7,"NAPL",6,19,"MPS","Macrocystis pyrifera","ALGAE",0.1,0.1,NA,-Inf
2006,7,"NAPL",7,19,"MAPY","Macrocystis pyrifera","ALGAE",0.201666666666667,0.316666666666667,18.5454545454545,25
2006,7,"NAPL",7,19,"MPS","Macrocystis pyrifera","ALGAE",0.1,0.1,NA,-Inf
2006,7,"NAPL",8,19,"MAPY","Macrocystis pyrifera","ALGAE",0.0625,0.25,20,20
2006,7,"NAPL",8,19,"MPS","Macrocystis pyrifera","ALGAE",0.1,0.1,NA,-Inf
2006,7,"SCDI",2,13,"MAPY","Macrocystis pyrifera","ALGAE",0,0,NA,-Inf
2006,7,"SCDI",3,13,"MAPY","Macrocystis pyrifera","ALGAE",0,0,NA,-Inf
2006,7,"SCTW",2,51,"MAPY","Macrocystis pyrifera","ALGAE",0,0,NA,-Inf
2006,7,"SCTW",3,19,"MAPY","Macrocystis pyrifera","ALGAE",0.425,1.7,35,35
2007,7,"ABUR",1,19,"MAPY","Macrocystis pyrifera","ALGAE",0.326041666666667,0.6875,25.625,50
2007,7,"ABUR",1,19,"MPS","Macrocystis pyrifera","ALGAE",0.1,0.1,NA,-Inf
2007,7,"ABUR",2,19,"MAPY","Macrocystis pyrifera","ALGAE",0,0,NA,-Inf
2007,7,"AHND",1,19,"MAPY","Macrocystis pyrifera","ALGAE",0,0,NA,-Inf
2007,7,"AHND",2,19,"MAPY","Macrocystis pyrifera","ALGAE",1.08362179487179,1.64615384615385,47.8139534883721,100
2007,7,"AHND",2,19,"MPS","Macrocystis pyrifera","ALGAE",0.1,0.1,NA,-Inf
2007,7,"AQUE",1,36,"MPS","Macrocystis pyrifera","ALGAE",0.1,0.1,NA,-Inf
2007,7,"AQUE",1,61,"MAPY","Macrocystis pyrifera","ALGAE",0.485635964912281,0.592105263157895,39.258064516129,68
2007,7,"AQUE",1,62,"MAPY","Macrocystis pyrifera","ALGAE",0.681521739130435,0.7,45.0833333333333,75
2007,7,"AQUE",2,13,"MAPY","Macrocystis pyrifera","ALGAE",0.818327922077922,1.175,57,140
2007,7,"AQUE",2,19,"MAPY","Macrocystis pyrifera","ALGAE",0.05,0.05,90,90
2007,7,"AQUE",2,62,"MPS","Macrocystis pyrifera","ALGAE",0.1,0.1,NA,-Inf
2007,7,"AQUE",3,19,"MAPY","Macrocystis pyrifera","ALGAE",3.05,8.8,85,250
2007,7,"AQUE",3,19,"MPS","Macrocystis pyrifera","ALGAE",0.1,0.1,NA,-Inf
2007,7,"AQUE",4,19,"MAPY","Macrocystis pyrifera","ALGAE",2.05625,4.15,101,120
2007,7,"AQUE",4,19,"MPS","Macrocystis pyrifera","ALGAE",0.1,0.1,NA,-Inf
2007,7,"AQUE",5,19,"MAPY","Macrocystis pyrifera","ALGAE",1.69791666666667,3.4,72.5,120
2007,7,"AQUE",6,36,"MAPY","Macrocystis pyrifera","ALGAE",0.5125,1.8,70,90
2007,7,"BULL",1,13,"MAPY","Macrocystis pyrifera","ALGAE",1.33177083333333,1.9,49.0952380952381,110
2007,7,"BULL",1,36,"MPS","Macrocystis pyrifera","ALGAE",0.1,0.1,NA,-Inf
2007,7,"BULL",3,13,"MAPY","Macrocystis pyrifera","ALGAE",0.957291666666667,1.63333333333333,58.5454545454545,90
2007,7,"BULL",3,36,"MPS","Macrocystis pyrifera","ALGAE",0.1,0.1,NA,-Inf
2007,7,"BULL",6,19,"MAPY","Macrocystis pyrifera","ALGAE",1.19583333333333,2,54.4444444444444,150
2007,7,"BULL",6,19,"MPS","Macrocystis pyrifera","ALGAE",0.1,0.1,NA,-Inf
2007,7,"CARP",1,19,"MAPY","Macrocystis pyrifera","ALGAE",0.469221481696127,0.533333333333333,16.9194630872483,45
2007,7,"CARP",1,19,"MPS","Macrocystis pyrifera","ALGAE",0.1,0.1,NA,-Inf
2007,7,"CARP",1,31,"MAPY","Macrocystis pyrifera","ALGAE",0.64047619047619,0.64047619047619,23.3095238095238,50
2007,7,"CARP",1,62,"MAPY","Macrocystis pyrifera","ALGAE",0.640625,0.640625,17.6666666666667,40
2007,7,"CARP",2,19,"MAPY","Macrocystis pyrifera","ALGAE",1.21190476190476,1.25714285714286,58,100
2007,7,"CARP",2,19,"MPS","Macrocystis pyrifera","ALGAE",0.1,0.1,NA,-Inf
2007,7,"CARP",2,62,"MAPY","Macrocystis pyrifera","ALGAE",0.690714285714286,0.75,45.96,98
2007,7,"CARP",3,36,"MAPY","Macrocystis pyrifera","ALGAE",0,0,NA,-Inf
2007,7,"CARP",4,58,"MAPY","Macrocystis pyrifera","ALGAE",0,0,NA,-Inf
2007,7,"CARP",4,58,"MPS","Macrocystis pyrifera","ALGAE",0.1,0.1,NA,-Inf
2007,7,"CARP",5,31,"MAPY","Macrocystis pyrifera","ALGAE",0,0,NA,-Inf
2007,7,"CARP",5,62,"MPS","Macrocystis pyrifera","ALGAE",0.1,0.1,NA,-Inf
2007,7,"CARP",6,36,"MAPY","Macrocystis pyrifera","ALGAE",0,0,NA,-Inf
2007,7,"CARP",6,58,"MPS","Macrocystis pyrifera","ALGAE",0.1,0.1,NA,-Inf
2007,7,"CARP",7,36,"MAPY","Macrocystis pyrifera","ALGAE",0.898717948717949,1.88333333333333,64.125,90
2007,7,"CARP",8,36,"MAPY","Macrocystis pyrifera","ALGAE",2.35555555555556,5.15,70.3333333333333,150
2007,7,"CARP",8,62,"MAPY","Macrocystis pyrifera","ALGAE",0.6125,1.225,55.4,110
2007,7,"CARP",8,62,"MPS","Macrocystis pyrifera","ALGAE",0.1,0.1,NA,-Inf
2007,7,"GOLB",1,13,"MAPY","Macrocystis pyrifera","ALGAE",2.12389880952381,3.76666666666667,45.8947368421053,120
2007,7,"GOLB",1,36,"MPS","Macrocystis pyrifera","ALGAE",0.1,0.1,NA,-Inf
2007,7,"GOLB",2,13,"MAPY","Macrocystis pyrifera","ALGAE",2.39714015151515,3.32,50.7391304347826,120
2007,7,"GOLB",2,36,"MPS","Macrocystis pyrifera","ALGAE",0.1,0.1,NA,-Inf
2007,7,"IVEE",1,36,"MAPY","Macrocystis pyrifera","ALGAE",1.25803571428571,2.325,58.7142857142857,180
2007,7,"IVEE",1,62,"MPS","Macrocystis pyrifera","ALGAE",0.1,0.1,NA,-Inf
2007,7,"IVEE",2,13,"MAPY","Macrocystis pyrifera","ALGAE",1.13832799145299,1.4625,58.1071428571429,105
2007,7,"IVEE",2,62,"MPS","Macrocystis pyrifera","ALGAE",0.1,0.1,NA,-Inf
2007,7,"MOHK",1,19,"MAPY","Macrocystis pyrifera","ALGAE",1.364375,1.975,46.2105263157895,88
2007,7,"MOHK",2,19,"MAPY","Macrocystis pyrifera","ALGAE",1.32459821428571,1.84,43.1730769230769,100
2007,7,"MOHK",2,19,"MPS","Macrocystis pyrifera","ALGAE",0.1,0.1,NA,-Inf
2007,7,"NAPL",1,19,"MAPY","Macrocystis pyrifera","ALGAE",1.0238455988456,1.39285714285714,45.1282051282051,100
2007,7,"NAPL",1,19,"MPS","Macrocystis pyrifera","ALGAE",0.1,0.1,NA,-Inf
2007,7,"NAPL",2,19,"MAPY","Macrocystis pyrifera","ALGAE",1.12083333333333,1.49166666666667,43.2307692307692,70
2007,7,"NAPL",2,19,"MPS","Macrocystis pyrifera","ALGAE",0.1,0.1,NA,-Inf
2007,7,"NAPL",3,13,"MAPY","Macrocystis pyrifera","ALGAE",0.2,0.6,35,40
2007,7,"NAPL",4,36,"MAPY","Macrocystis pyrifera","ALGAE",0,0,NA,-Inf
2007,7,"NAPL",5,13,"MAPY","Macrocystis pyrifera","ALGAE",2.125,3.05,61.6666666666667,90
2007,7,"NAPL",6,13,"MAPY","Macrocystis pyrifera","ALGAE",0.65,1.2,48.25,80
2007,7,"NAPL",7,61,"MAPY","Macrocystis pyrifera","ALGAE",1.00395833333333,1.38333333333333,53.2307692307692,74
2007,7,"NAPL",8,19,"MAPY","Macrocystis pyrifera","ALGAE",0.616666666666667,0.616666666666667,31.6666666666667,45
2007,7,"NAPL",8,61,"MAPY","Macrocystis pyrifera","ALGAE",0.297916666666667,0.5,25.375,48
2007,7,"SCDI",2,61,"MAPY","Macrocystis pyrifera","ALGAE",0,0,NA,-Inf
2007,7,"SCDI",3,62,"MAPY","Macrocystis pyrifera","ALGAE",0,0,NA,-Inf
2007,7,"SCTW",2,58,"MAPY","Macrocystis pyrifera","ALGAE",0,0,NA,-Inf
2007,7,"SCTW",3,19,"MAPY","Macrocystis pyrifera","ALGAE",0,0,NA,-Inf
2007,7,"SCTW",3,19,"MPS","Macrocystis pyrifera","ALGAE",0.1,0.1,NA,-Inf
2008,7,"ABUR",1,68,"MAPY","Macrocystis pyrifera","ALGAE",2.10125,2.775,66.5833333333333,115
2008,7,"ABUR",2,19,"MAPY","Macrocystis pyrifera","ALGAE",0.6125,2.05,45,45
2008,7,"AHND",1,70,"MAPY","Macrocystis pyrifera","ALGAE",0,0,NA,-Inf
2008,7,"AHND",2,70,"MAPY","Macrocystis pyrifera","ALGAE",0.46078320802005,0.678571428571429,31.65,53
2008,7,"AQUE",1,68,"MAPY","Macrocystis pyrifera","ALGAE",1.01696428571429,1.6,89.5,167
2008,7,"AQUE",2,31,"MAPY","Macrocystis pyrifera","ALGAE",0.368236111111111,0.6625,34.03125,148
2008,7,"AQUE",3,70,"MAPY","Macrocystis pyrifera","ALGAE",0.327430555555556,0.672222222222222,44,82
2008,7,"AQUE",4,70,"MAPY","Macrocystis pyrifera","ALGAE",1.62833333333333,4.2,56.0909090909091,126
2008,7,"AQUE",5,70,"MAPY","Macrocystis pyrifera","ALGAE",1.10416666666667,1.9,65.7142857142857,122
2008,7,"AQUE",6,68,"MAPY","Macrocystis pyrifera","ALGAE",4.7625,13.8,260,295
2008,7,"BULL",1,68,"MAPY","Macrocystis pyrifera","ALGAE",0.349305555555556,0.538888888888889,50.6923076923077,105
2008,7,"BULL",3,68,"MAPY","Macrocystis pyrifera","ALGAE",1.25,2.45,131.428571428571,176
2008,7,"BULL",6,70,"MAPY","Macrocystis pyrifera","ALGAE",0.591666666666667,1.20833333333333,101,129
2008,7,"CARP",1,70,"MAPY","Macrocystis pyrifera","ALGAE",0.385094953088555,0.546666666666667,30.5,48
2008,7,"CARP",2,70,"MAPY","Macrocystis pyrifera","ALGAE",1.84208333333333,2.30833333333333,55.2439024390244,112
2008,7,"CARP",3,1,"MAPY","Macrocystis pyrifera","ALGAE",0.171048329216488,0.195652173913043,28.3,40
2008,7,"CARP",4,70,"MAPY","Macrocystis pyrifera","ALGAE",0.216290374371428,0.288679245283019,26.5454545454545,41
2008,7,"CARP",5,1,"MAPY","Macrocystis pyrifera","ALGAE",0.312321428571429,0.33,25,31
2008,7,"CARP",5,31,"MAPY","Macrocystis pyrifera","ALGAE",0.29440133037694,0.352439024390244,39.5555555555556,150
2008,7,"CARP",5,68,"MAPY","Macrocystis pyrifera","ALGAE",0.212179487179487,0.241666666666667,27.1379310344828,50
2008,7,"CARP",6,68,"MAPY","Macrocystis pyrifera","ALGAE",0,0,NA,-Inf
2008,7,"CARP",7,70,"MAPY","Macrocystis pyrifera","ALGAE",0,0,NA,-Inf
2008,7,"CARP",8,1,"MAPY","Macrocystis pyrifera","ALGAE",0.156089743589744,0.183333333333333,28,30
2008,7,"CARP",8,31,"MAPY","Macrocystis pyrifera","ALGAE",0.180859375,0.20859375,77,77
2008,7,"CARP",8,68,"MAPY","Macrocystis pyrifera","ALGAE",0.230909090909091,0.263333333333333,30.75,44
2008,7,"GOLB",1,70,"MAPY","Macrocystis pyrifera","ALGAE",0.35375,0.62,30.6666666666667,46
2008,7,"GOLB",2,68,"MAPY","Macrocystis pyrifera","ALGAE",0.330528846153846,0.4625,38.6875,103
2008,7,"IVEE",1,70,"MAPY","Macrocystis pyrifera","ALGAE",1.89375,4.55,57.6,112
2008,7,"IVEE",2,68,"MAPY","Macrocystis pyrifera","ALGAE",1.97083333333333,3,99.8,166
2008,7,"MOHK",1,68,"MAPY","Macrocystis pyrifera","ALGAE",0.429916624769566,0.75,42.3513513513514,95
2008,7,"MOHK",2,19,"MAPY","Macrocystis pyrifera","ALGAE",0.534679383116883,0.98125,39.2307692307692,85
2008,7,"NAPL",5,68,"MAPY","Macrocystis pyrifera","ALGAE",0.128125,0.3625,20,40
2008,7,"NAPL",6,68,"MAPY","Macrocystis pyrifera","ALGAE",0.6075,2.05,27.875,60
2008,7,"NAPL",7,70,"MAPY","Macrocystis pyrifera","ALGAE",0.236111111111111,0.3,25.8888888888889,42
2008,7,"NAPL",8,70,"MAPY","Macrocystis pyrifera","ALGAE",0.4225,1,26.75,35
2008,7,"SCDI",2,19,"MAPY","Macrocystis pyrifera","ALGAE",0.128409090909091,0.213636363636364,NA,-Inf
2008,7,"SCDI",3,19,"MAPY","Macrocystis pyrifera","ALGAE",0.06875,0.175,0,0
2008,7,"SCTW",2,68,"MAPY","Macrocystis pyrifera","ALGAE",0.113226540616246,0.166666666666667,23,23
2008,7,"SCTW",3,68,"MAPY","Macrocystis pyrifera","ALGAE",0.361604888167388,0.65625,33.2,50
2008,8,"NAPL",1,19,"MAPY","Macrocystis pyrifera","ALGAE",0.362478632478632,0.505555555555556,29.53125,45
2008,8,"NAPL",2,19,"MAPY","Macrocystis pyrifera","ALGAE",0.449876893939394,0.49375,29.3103448275862,45
2008,8,"NAPL",3,68,"MAPY","Macrocystis pyrifera","ALGAE",0,0,NA,-Inf
2008,8,"NAPL",4,68,"MAPY","Macrocystis pyrifera","ALGAE",0.025,0.1,NA,-Inf
2009,7,"ABUR",1,77,"MAPY","Macrocystis pyrifera","ALGAE",0.475,1.9,48,48
2009,7,"ABUR",2,77,"MAPY","Macrocystis pyrifera","ALGAE",0,0,NA,-Inf
2009,7,"AHND",1,75,"MAPY","Macrocystis pyrifera","ALGAE",0,0,0,0
2009,7,"AHND",2,68,"MAPY","Macrocystis pyrifera","ALGAE",1.25,2.6,49.4,82
2009,7,"AQUE",1,68,"MAPY","Macrocystis pyrifera","ALGAE",1.075,1.85,65.1578947368421,160
2009,7,"AQUE",2,68,"MAPY","Macrocystis pyrifera","ALGAE",0.759895833333333,0.958333333333333,43.375,70
2009,7,"AQUE",3,75,"MAPY","Macrocystis pyrifera","ALGAE",0.739583333333333,1.65833333333333,48.2857142857143,75
2009,7,"AQUE",4,68,"MAPY","Macrocystis pyrifera","ALGAE",1.290625,2.5,80.8571428571429,200
2009,7,"AQUE",5,68,"MAPY","Macrocystis pyrifera","ALGAE",1.509375,2.525,87.2727272727273,160
2009,7,"AQUE",6,75,"MAPY","Macrocystis pyrifera","ALGAE",2.6,5.65,136.666666666667,200
2009,7,"BULL",1,77,"MAPY","Macrocystis pyrifera","ALGAE",1.6028125,2.43,70,100
2009,7,"BULL",3,77,"MAPY","Macrocystis pyrifera","ALGAE",1.29652777777778,1.7,84.1333333333333,180
2009,7,"BULL",6,31,"MAPY","Macrocystis pyrifera","ALGAE",1.58229166666667,2.4,77.3,170
2009,7,"CARP",1,68,"MAPY","Macrocystis pyrifera","ALGAE",0.75625,2.15,22.6666666666667,32
2009,7,"CARP",2,75,"MAPY","Macrocystis pyrifera","ALGAE",0.359583333333333,0.775,47,70
2009,7,"CARP",3,68,"MAPY","Macrocystis pyrifera","ALGAE",0.957724358974359,1.42,43.1395348837209,92
2009,7,"CARP",4,77,"MAPY","Macrocystis pyrifera","ALGAE",0.212385010822511,0.325,40,70
2009,7,"CARP",5,75,"MAPY","Macrocystis pyrifera","ALGAE",1.03488095238095,1.275,37.2631578947368,60
2009,7,"CARP",6,68,"MAPY","Macrocystis pyrifera","ALGAE",0,0,0,0
2009,7,"CARP",7,75,"MAPY","Macrocystis pyrifera","ALGAE",0.286964285714286,0.5,31.25,60
2009,7,"CARP",8,75,"MAPY","Macrocystis pyrifera","ALGAE",0.946875,1.4,41.6,80
2009,7,"GOLB",1,75,"MAPY","Macrocystis pyrifera","ALGAE",2.92604166666667,5.45,68.3333333333333,170
2009,7,"GOLB",2,75,"MAPY","Macrocystis pyrifera","ALGAE",1.22881944444444,2.1125,42.6923076923077,70
2009,7,"IVEE",1,31,"MAPY","Macrocystis pyrifera","ALGAE",2.00375,4.975,78.625,210
2009,7,"IVEE",2,68,"MAPY","Macrocystis pyrifera","ALGAE",1.3425,2.22,70.7368421052632,200
2009,7,"MOHK",1,68,"MAPY","Macrocystis pyrifera","ALGAE",1.36571428571429,2.35,52.2142857142857,88
2009,7,"MOHK",2,68,"MAPY","Macrocystis pyrifera","ALGAE",0.94459706959707,1.25,37.7916666666667,100
2009,7,"NAPL",1,77,"MAPY","Macrocystis pyrifera","ALGAE",0.352291666666667,0.616666666666667,44.875,83
2009,7,"NAPL",2,77,"MAPY","Macrocystis pyrifera","ALGAE",0.19375,0.65,32,60
2009,7,"NAPL",3,75,"MAPY","Macrocystis pyrifera","ALGAE",0.0375,0.15,NA,-Inf
2009,7,"NAPL",4,1,"MAPY","Macrocystis pyrifera","ALGAE",0.1425,0.19,15.2727272727273,30
2009,7,"NAPL",4,75,"MAPY","Macrocystis pyrifera","ALGAE",0,0,0,0
2009,7,"NAPL",5,75,"MAPY","Macrocystis pyrifera","ALGAE",0.2625,0.95,16.6666666666667,50
2009,7,"NAPL",6,75,"MAPY","Macrocystis pyrifera","ALGAE",0.2375,0.65,12.5,25
2009,7,"NAPL",7,77,"MAPY","Macrocystis pyrifera","ALGAE",0.209375,0.5875,42.3333333333333,75
2009,7,"NAPL",8,77,"MAPY","Macrocystis pyrifera","ALGAE",0.20625,0.35,48.3333333333333,75
2009,7,"SCDI",2,75,"MAPY","Macrocystis pyrifera","ALGAE",0.284375,0.6,25,25
2009,7,"SCDI",3,77,"MAPY","Macrocystis pyrifera","ALGAE",0.18125,0.45,0,0
2009,7,"SCTW",2,68,"MAPY","Macrocystis pyrifera","ALGAE",0.302362560026494,0.405555555555556,26.1153846153846,45
2009,7,"SCTW",3,68,"MAPY","Macrocystis pyrifera","ALGAE",0.770405982905983,1.05,33.1071428571429,58
2010,7,"ABUR",1,75,"MAPY","Macrocystis pyrifera","ALGAE",0.325,1.15,43.5,87
2010,7,"ABUR",2,80,"MAPY","Macrocystis pyrifera","ALGAE",0,0,0,0
2010,7,"AHND",1,76,"MAPY","Macrocystis pyrifera","ALGAE",0,0,0,0
2010,7,"AHND",2,76,"MAPY","Macrocystis pyrifera","ALGAE",0.139166666666667,0.25,27.6666666666667,36
2010,7,"AQUE",1,81,"MAPY","Macrocystis pyrifera","ALGAE",0,0,0,0
2010,7,"AQUE",2,81,"MAPY","Macrocystis pyrifera","ALGAE",0.025,0.05,0,0
2010,7,"AQUE",3,81,"MAPY","Macrocystis pyrifera","ALGAE",0.0791666666666667,0.116666666666667,0,0
2010,7,"AQUE",4,76,"MAPY","Macrocystis pyrifera","ALGAE",0.0625,0.1,15,30
2010,7,"AQUE",5,76,"MAPY","Macrocystis pyrifera","ALGAE",0,0,0,0
2010,7,"AQUE",6,81,"MAPY","Macrocystis pyrifera","ALGAE",0.0435606060606061,0.0909090909090909,0,0
2010,7,"BULL",1,72,"MAPY","Macrocystis pyrifera","ALGAE",2.18333333333333,3.86666666666667,75,126
2010,7,"BULL",3,71,"MAPY","Macrocystis pyrifera","ALGAE",1.071875,1.7375,52.9,70
2010,7,"BULL",6,1,"MAPY","Macrocystis pyrifera","ALGAE",1.45520833333333,2.18333333333333,61.2857142857143,95
2010,7,"CARP",1,31,"MAPY","Macrocystis pyrifera","ALGAE",0.261235119047619,0.314285714285714,22,25
2010,7,"CARP",2,80,"MAPY","Macrocystis pyrifera","ALGAE",0.14913433908046,0.19375,20,20
2010,7,"CARP",3,36,"MAPY","Macrocystis pyrifera","ALGAE",0,0,0,0
2010,7,"CARP",4,2,"MAPY","Macrocystis pyrifera","ALGAE",0,0,0,0
2010,7,"CARP",5,36,"MAPY","Macrocystis pyrifera","ALGAE",0,0,0,0
2010,7,"CARP",6,36,"MAPY","Macrocystis pyrifera","ALGAE",0,0,0,0
2010,7,"CARP",7,75,"MAPY","Macrocystis pyrifera","ALGAE",0,0,0,0
2010,7,"CARP",8,36,"MAPY","Macrocystis pyrifera","ALGAE",0,0,0,0
2010,7,"GOLB",1,75,"MAPY","Macrocystis pyrifera","ALGAE",0.159208074534161,0.225,60,65
2010,7,"GOLB",2,75,"MAPY","Macrocystis pyrifera","ALGAE",0.25672123015873,0.45625,70,100
2010,7,"IVEE",1,80,"MAPY","Macrocystis pyrifera","ALGAE",0,0,0,0
2010,7,"IVEE",2,80,"MAPY","Macrocystis pyrifera","ALGAE",0.51875,1.9,55,110
2010,7,"MOHK",1,76,"MAPY","Macrocystis pyrifera","ALGAE",0.216738744506193,0.347222222222222,37.5714285714286,69
2010,7,"MOHK",2,2,"MAPY","Macrocystis pyrifera","ALGAE",0.271174242424242,0.798333333333333,51.7777777777778,99
2010,7,"NAPL",1,1,"MAPY","Macrocystis pyrifera","ALGAE",0.424253472222222,0.4625,34,58
2010,7,"NAPL",2,1,"MAPY","Macrocystis pyrifera","ALGAE",0.05,0.2,14,28
2010,7,"NAPL",3,80,"MAPY","Macrocystis pyrifera","ALGAE",0.195625,0.345,31.8333333333333,55
2010,7,"NAPL",4,31,"MAPY","Macrocystis pyrifera","ALGAE",0.075,0.25,0,0
2010,7,"NAPL",5,31,"MAPY","Macrocystis pyrifera","ALGAE",0.0375,0.15,0,0
2010,7,"NAPL",6,36,"MAPY","Macrocystis pyrifera","ALGAE",0,0,0,0
2010,7,"NAPL",7,80,"MAPY","Macrocystis pyrifera","ALGAE",0.1,0.4,11.25,45
2010,7,"NAPL",8,80,"MAPY","Macrocystis pyrifera","ALGAE",0.08125,0.325,7.25,29
2010,7,"SCDI",2,76,"MAPY","Macrocystis pyrifera","ALGAE",0.183333333333333,0.55,12.5,25
2010,7,"SCDI",3,76,"MAPY","Macrocystis pyrifera","ALGAE",0,0,0,0
2010,7,"SCTW",2,36,"MAPY","Macrocystis pyrifera","ALGAE",0.615404411764706,0.77,27.6666666666667,35
2010,7,"SCTW",3,1,"MAPY","Macrocystis pyrifera","ALGAE",0.347399855212355,0.875,49.1666666666667,84
2011,7,"ABUR",1,88,"MAPY","Macrocystis pyrifera","ALGAE",0.25,0.675,35,45
2011,7,"ABUR",2,88,"MAPY","Macrocystis pyrifera","ALGAE",0.55,2.2,60,60
2011,7,"AHND",1,88,"MAPY","Macrocystis pyrifera","ALGAE",0,0,NA,-Inf
2011,7,"AHND",2,88,"MAPY","Macrocystis pyrifera","ALGAE",0.2725,0.425,35.25,55
2011,7,"AQUE",1,83,"MAPY","Macrocystis pyrifera","ALGAE",0,0,NA,-Inf
2011,7,"AQUE",2,83,"MAPY","Macrocystis pyrifera","ALGAE",0.338125,0.89,35.4,43
2011,7,"AQUE",3,90,"MAPY","Macrocystis pyrifera","ALGAE",0.99625,1.52,53.2307692307692,76
2011,7,"AQUE",4,88,"MAPY","Macrocystis pyrifera","ALGAE",0.0678571428571429,0.171428571428571,NA,-Inf
2011,7,"AQUE",5,90,"MAPY","Macrocystis pyrifera","ALGAE",0.025,0.1,NA,-Inf
2011,7,"AQUE",6,83,"MAPY","Macrocystis pyrifera","ALGAE",0,0,NA,-Inf
2011,7,"BULL",1,88,"MAPY","Macrocystis pyrifera","ALGAE",0.28125,1.125,54.5,57
2011,7,"BULL",3,90,"MAPY","Macrocystis pyrifera","ALGAE",0.240625,0.4,NA,-Inf
2011,7,"BULL",6,90,"MAPY","Macrocystis pyrifera","ALGAE",0.2,0.8,NA,-Inf
2011,7,"CARP",1,90,"MAPY","Macrocystis pyrifera","ALGAE",0.412449252136752,0.51,31,45
2011,7,"CARP",2,83,"MAPY","Macrocystis pyrifera","ALGAE",0.734166666666667,1.05,26.2916666666667,40
2011,7,"CARP",3,88,"MAPY","Macrocystis pyrifera","ALGAE",0,0,NA,-Inf
2011,7,"CARP",4,88,"MAPY","Macrocystis pyrifera","ALGAE",0,0,NA,-Inf
2011,7,"CARP",5,83,"MAPY","Macrocystis pyrifera","ALGAE",0,0,NA,-Inf
2011,7,"CARP",6,36,"MAPY","Macrocystis pyrifera","ALGAE",0,0,NA,-Inf
2011,7,"CARP",7,88,"MAPY","Macrocystis pyrifera","ALGAE",0,0,NA,-Inf
2011,7,"CARP",8,83,"MAPY","Macrocystis pyrifera","ALGAE",0,0,NA,-Inf
2011,7,"GOLB",1,88,"MAPY","Macrocystis pyrifera","ALGAE",0.81875,3.1,70,105
2011,7,"GOLB",2,88,"MAPY","Macrocystis pyrifera","ALGAE",2.10208333333333,4.65,61.5714285714286,100
2011,7,"IVEE",1,88,"MAPY","Macrocystis pyrifera","ALGAE",0.05625,0.225,28,28
2011,7,"IVEE",2,88,"MAPY","Macrocystis pyrifera","ALGAE",0,0,NA,-Inf
2011,7,"MOHK",1,88,"MAPY","Macrocystis pyrifera","ALGAE",1.33072916666667,2.00625,42.6111111111111,65
2011,7,"MOHK",2,36,"MAPY","Macrocystis pyrifera","ALGAE",2.025,2.025,59.6666666666667,85
2011,7,"MOHK",2,90,"MAPY","Macrocystis pyrifera","ALGAE",1.13589947089947,1.28666666666667,44.15,66
2011,7,"NAPL",1,90,"MAPY","Macrocystis pyrifera","ALGAE",0.153125,0.25,35,35
2011,7,"NAPL",2,90,"MAPY","Macrocystis pyrifera","ALGAE",0.264583333333333,0.825,33,33
2011,7,"NAPL",3,88,"MAPY","Macrocystis pyrifera","ALGAE",0.449305555555556,0.9,33.1818181818182,45
2011,7,"NAPL",4,90,"MAPY","Macrocystis pyrifera","ALGAE",0,0,NA,-Inf
2011,7,"NAPL",5,90,"MAPY","Macrocystis pyrifera","ALGAE",0,0,NA,-Inf
2011,7,"NAPL",6,88,"MAPY","Macrocystis pyrifera","ALGAE",0.125,0.2,NA,-Inf
2011,7,"NAPL",7,90,"MAPY","Macrocystis pyrifera","ALGAE",0.075,0.15,NA,-Inf
2011,7,"NAPL",8,90,"MAPY","Macrocystis pyrifera","ALGAE",0.0625,0.25,NA,-Inf
2011,7,"SCDI",2,90,"MAPY","Macrocystis pyrifera","ALGAE",0.01875,0.075,NA,-Inf
2011,7,"SCDI",3,90,"MAPY","Macrocystis pyrifera","ALGAE",0.0875,0.35,NA,-Inf
2011,7,"SCTW",2,80,"MAPY","Macrocystis pyrifera","ALGAE",0.391666666666667,0.433333333333333,22.5,27
2011,7,"SCTW",2,83,"MAPY","Macrocystis pyrifera","ALGAE",0.78125,1.0125,26.5,28
2011,7,"SCTW",3,83,"MAPY","Macrocystis pyrifera","ALGAE",0.632941017316017,0.907142857142857,28.8571428571429,37
2012,7,"ABUR",1,71,"MAPY","Macrocystis pyrifera","ALGAE",4.73958333333333,7.5,62.25,82
2012,7,"ABUR",2,71,"MAPY","Macrocystis pyrifera","ALGAE",0,0,0,0
2012,7,"AHND",1,90,"MAPY","Macrocystis pyrifera","ALGAE",0,0,0,0
2012,7,"AHND",2,90,"MAPY","Macrocystis pyrifera","ALGAE",0.522279265873016,0.785714285714286,30.3448275862069,84
2012,7,"AQUE",1,90,"MAPY","Macrocystis pyrifera","ALGAE",0.144184782608696,0.173076923076923,34.4,50
2012,7,"AQUE",2,90,"MAPY","Macrocystis pyrifera","ALGAE",0.162167293756968,0.194230769230769,39,45
2012,7,"AQUE",3,31,"MAPY","Macrocystis pyrifera","ALGAE",1.140625,2.175,87.1666666666667,160
2012,7,"AQUE",4,71,"MAPY","Macrocystis pyrifera","ALGAE",0.349451357466063,0.415,24.3958333333333,52
2012,7,"AQUE",5,71,"MAPY","Macrocystis pyrifera","ALGAE",0.321631493506494,0.5,27.4864864864865,60
2012,7,"AQUE",6,90,"MAPY","Macrocystis pyrifera","ALGAE",0.0375,0.1,0,0
2012,7,"BULL",1,80,"MAPY","Macrocystis pyrifera","ALGAE",0.7875,1.7,27.4,65
2012,7,"BULL",3,80,"MAPY","Macrocystis pyrifera","ALGAE",1.229375,2.38,59.4,120
2012,7,"BULL",6,80,"MAPY","Macrocystis pyrifera","ALGAE",2.10625,3.45,57,75
2012,7,"CARP",1,90,"MAPY","Macrocystis pyrifera","ALGAE",0.615833333333333,0.9,19.0833333333333,28
2012,7,"CARP",2,90,"MAPY","Macrocystis pyrifera","ALGAE",4.27125,11.35,75.8888888888889,160
2012,7,"CARP",3,71,"MAPY","Macrocystis pyrifera","ALGAE",0,0,0,0
2012,7,"CARP",4,71,"MAPY","Macrocystis pyrifera","ALGAE",0,0,0,0
2012,7,"CARP",5,90,"MAPY","Macrocystis pyrifera","ALGAE",0,0,0,0
2012,7,"CARP",6,71,"MAPY","Macrocystis pyrifera","ALGAE",0,0,0,0
2012,7,"CARP",7,71,"MAPY","Macrocystis pyrifera","ALGAE",0,0,0,0
2012,7,"CARP",8,90,"MAPY","Macrocystis pyrifera","ALGAE",0,0,0,0
2012,7,"GOLB",1,90,"MAPY","Macrocystis pyrifera","ALGAE",2.09583333333333,4.93333333333333,65.625,120
2012,7,"GOLB",2,90,"MAPY","Macrocystis pyrifera","ALGAE",3.7625,8.35,55,125
2012,7,"IVEE",1,90,"MAPY","Macrocystis pyrifera","ALGAE",0.025,0.1,2.5,10
2012,7,"IVEE",2,90,"MAPY","Macrocystis pyrifera","ALGAE",0.2815625,0.87,18.1333333333333,70
2012,7,"MOHK",1,90,"MAPY","Macrocystis pyrifera","ALGAE",1.61160714285714,3.15,36.4210526315789,89
2012,7,"MOHK",2,90,"MAPY","Macrocystis pyrifera","ALGAE",1.95515873015873,2.69285714285714,59.5,132
2012,7,"NAPL",1,89,"MAPY","Macrocystis pyrifera","ALGAE",0.550511363636364,0.9875,21.1923076923077,52
2012,7,"NAPL",2,89,"MAPY","Macrocystis pyrifera","ALGAE",0.607291666666667,1,26.5,56
2012,7,"NAPL",3,90,"MAPY","Macrocystis pyrifera","ALGAE",0.619940476190476,1.07142857142857,24.7368421052632,40
2012,7,"NAPL",4,90,"MAPY","Macrocystis pyrifera","ALGAE",0,0,0,0
2012,7,"NAPL",5,90,"MAPY","Macrocystis pyrifera","ALGAE",0.1,0.4,7,28
2012,7,"NAPL",6,90,"MAPY","Macrocystis pyrifera","ALGAE",0.6625,2.65,11,44
2012,7,"NAPL",7,71,"MAPY","Macrocystis pyrifera","ALGAE",0.6,1.8,23.75,39
2012,7,"NAPL",8,71,"MAPY","Macrocystis pyrifera","ALGAE",0,0,0,0
2012,7,"SCDI",2,90,"MAPY","Macrocystis pyrifera","ALGAE",0,0,0,0
2012,7,"SCDI",3,90,"MAPY","Macrocystis pyrifera","ALGAE",0.0125,0.05,1.75,7
2012,7,"SCTW",2,90,"MAPY","Macrocystis pyrifera","ALGAE",0.38,0.95,15.8888888888889,26
2012,7,"SCTW",3,90,"MAPY","Macrocystis pyrifera","ALGAE",0.447291666666667,0.716666666666667,20.6428571428571,36
2013,7,"ABUR",1,98,"MAPY","Macrocystis pyrifera","ALGAE",2.9725,7.2,65.375,130
2013,7,"ABUR",2,98,"MAPY","Macrocystis pyrifera","ALGAE",0,0,0,0
2013,7,"AHND",1,31,"MAPY","Macrocystis pyrifera","ALGAE",0,0,0,0
2013,7,"AHND",2,31,"MAPY","Macrocystis pyrifera","ALGAE",1.67126984126984,2.62,54,125
2013,7,"AQUE",1,102,"MAPY","Macrocystis pyrifera","ALGAE",0.384404612597547,0.691304347826087,30.6666666666667,49
2013,7,"AQUE",2,102,"MAPY","Macrocystis pyrifera","ALGAE",0.833486825674326,0.931818181818182,30.5,50
2013,7,"AQUE",3,102,"MAPY","Macrocystis pyrifera","ALGAE",1.57625,3.05,72.4,153
2013,7,"AQUE",4,31,"MAPY","Macrocystis pyrifera","ALGAE",0.95719696969697,1.39166666666667,48.3571428571429,102
2013,7,"AQUE",5,96,"MAPY","Macrocystis pyrifera","ALGAE",0.871478174603175,1.35,39.2258064516129,72
2013,7,"AQUE",6,96,"MAPY","Macrocystis pyrifera","ALGAE",0.747827111613876,0.9875,36.2857142857143,65
2013,7,"BULL",1,102,"MAPY","Macrocystis pyrifera","ALGAE",1.52854166666667,2.81,62.6923076923077,105
2013,7,"BULL",3,102,"MAPY","Macrocystis pyrifera","ALGAE",0.895833333333333,2.75,78.3333333333333,130
2013,7,"BULL",6,31,"MAPY","Macrocystis pyrifera","ALGAE",1.25,3.575,58,115
2013,7,"CARP",1,90,"MAPY","Macrocystis pyrifera","ALGAE",0.3875,0.8,22,34
2013,7,"CARP",2,73,"MAPY","Macrocystis pyrifera","ALGAE",0.2325,0.31,19.2666666666667,37
2013,7,"CARP",2,96,"MAPY","Macrocystis pyrifera","ALGAE",0.210416666666667,0.233333333333333,19.3,30
2013,7,"CARP",3,90,"MAPY","Macrocystis pyrifera","ALGAE",0,0,0,0
2013,7,"CARP",4,36,"MAPY","Macrocystis pyrifera","ALGAE",0,0,0,0
2013,7,"CARP",5,96,"MAPY","Macrocystis pyrifera","ALGAE",0,0,0,0
2013,7,"CARP",6,90,"MAPY","Macrocystis pyrifera","ALGAE",0,0,0,0
2013,7,"CARP",7,36,"MAPY","Macrocystis pyrifera","ALGAE",0,0,0,0
2013,7,"CARP",8,96,"MAPY","Macrocystis pyrifera","ALGAE",0,0,0,0
2013,7,"GOLB",1,96,"MAPY","Macrocystis pyrifera","ALGAE",0.09375,0.275,6,20
2013,7,"GOLB",2,96,"MAPY","Macrocystis pyrifera","ALGAE",1.1625,2.65,37.5,100
2013,7,"IVEE",1,31,"MAPY","Macrocystis pyrifera","ALGAE",1.13846153846154,1.13846153846154,67.3333333333333,130
2013,7,"IVEE",1,96,"MAPY","Macrocystis pyrifera","ALGAE",1.28454545454545,2.31,31.4285714285714,60
2013,7,"IVEE",2,96,"MAPY","Macrocystis pyrifera","ALGAE",1.01041666666667,2,40.5,90
2013,7,"MOHK",1,96,"MAPY","Macrocystis pyrifera","ALGAE",1.028125,1.7125,66.2,120
2013,7,"MOHK",2,96,"MAPY","Macrocystis pyrifera","ALGAE",3.50625,6.45,89.125,160
2013,7,"NAPL",1,31,"MAPY","Macrocystis pyrifera","ALGAE",0.627083333333333,1.03333333333333,36.4615384615385,65
2013,7,"NAPL",2,31,"MAPY","Macrocystis pyrifera","ALGAE",0.298721590909091,0.58125,28.5714285714286,55
2013,7,"NAPL",3,102,"MAPY","Macrocystis pyrifera","ALGAE",0.216666666666667,0.65,27.3333333333333,44
2013,7,"NAPL",4,102,"MAPY","Macrocystis pyrifera","ALGAE",0.10125,0.165,30,30
2013,7,"NAPL",5,90,"MAPY","Macrocystis pyrifera","ALGAE",0.734375,1.1625,46,70
2013,7,"NAPL",6,90,"MAPY","Macrocystis pyrifera","ALGAE",0.536458333333333,1.4125,41.3636363636364,75
2013,7,"NAPL",7,90,"MAPY","Macrocystis pyrifera","ALGAE",0.16875,0.475,18.4,33
2013,7,"NAPL",8,90,"MAPY","Macrocystis pyrifera","ALGAE",0.50625,1.275,44.25,90
2013,7,"SCDI",2,31,"MAPY","Macrocystis pyrifera","ALGAE",0.0875,0.35,0,0
2013,7,"SCDI",3,31,"MAPY","Macrocystis pyrifera","ALGAE",0.025,0.1,0,0
2013,7,"SCTW",2,102,"MAPY","Macrocystis pyrifera","ALGAE",0.48125,1.325,15,28
2013,7,"SCTW",3,102,"MAPY","Macrocystis pyrifera","ALGAE",0.678571428571429,1.75,36.7142857142857,55
2014,7,"ABUR",1,106,"MAPY","Macrocystis pyrifera","ALGAE",0.175963857765328,0.1875,46,68
2014,7,"ABUR",2,106,"MAPY","Macrocystis pyrifera","ALGAE",0,0,0,0
2014,7,"AHND",1,109,"MAPY","Macrocystis pyrifera","ALGAE",0,0,0,0
2014,7,"AHND",2,109,"MAPY","Macrocystis pyrifera","ALGAE",0.158333333333333,0.233333333333333,NA,-Inf
2014,7,"AQUE",1,106,"MAPY","Macrocystis pyrifera","ALGAE",0,0,0,0
2014,7,"AQUE",2,106,"MAPY","Macrocystis pyrifera","ALGAE",0.1125,0.45,8.75,35
2014,7,"AQUE",3,109,"MAPY","Macrocystis pyrifera","ALGAE",1.175,3.55,66.6666666666667,139
2014,7,"AQUE",4,109,"MAPY","Macrocystis pyrifera","ALGAE",1.08625,2.8,54.3333333333333,67
2014,7,"AQUE",5,109,"MAPY","Macrocystis pyrifera","ALGAE",0.502380952380952,1.16666666666667,88,90
2014,7,"AQUE",6,106,"MAPY","Macrocystis pyrifera","ALGAE",1.11979166666667,2.2,43.3333333333333,85
2014,7,"BULL",1,106,"MAPY","Macrocystis pyrifera","ALGAE",1.366875,2.6125,67.7142857142857,92
2014,7,"BULL",3,106,"MAPY","Macrocystis pyrifera","ALGAE",1.23223214285714,2.1375,55.9285714285714,92
2014,7,"BULL",6,109,"MAPY","Macrocystis pyrifera","ALGAE",1.44375,2.25,49.6666666666667,90
2014,7,"CARP",1,109,"MAPY","Macrocystis pyrifera","ALGAE",0.328571428571429,0.764285714285714,23.5,25
2014,7,"CARP",2,106,"MAPY","Macrocystis pyrifera","ALGAE",0.488541666666667,0.7,25.625,46
2014,7,"CARP",3,109,"MAPY","Macrocystis pyrifera","ALGAE",0.05,0.2,0,0
2014,7,"CARP",4,106,"MAPY","Macrocystis pyrifera","ALGAE",0.1625,0.5,12,30
2014,7,"CARP",5,106,"MAPY","Macrocystis pyrifera","ALGAE",0.1125,0.35,10,20
2014,7,"CARP",6,109,"MAPY","Macrocystis pyrifera","ALGAE",0,0,0,0
2014,7,"CARP",7,106,"MAPY","Macrocystis pyrifera","ALGAE",0,0,0,0
2014,7,"CARP",8,106,"MAPY","Macrocystis pyrifera","ALGAE",0,0,0,0
2014,7,"GOLB",1,109,"MAPY","Macrocystis pyrifera","ALGAE",0.921875,1.7875,55.25,89
2014,7,"GOLB",2,109,"MAPY","Macrocystis pyrifera","ALGAE",1.05,3.4,40.5,81
2014,7,"IVEE",1,109,"MAPY","Macrocystis pyrifera","ALGAE",1.75982142857143,3.25,55.4166666666667,91
2014,7,"IVEE",2,109,"MAPY","Macrocystis pyrifera","ALGAE",1.125,3.7,43.25,105
2014,7,"MOHK",1,109,"MAPY","Macrocystis pyrifera","ALGAE",1.0523923992674,2.05,49.6,82
2014,7,"MOHK",2,109,"MAPY","Macrocystis pyrifera","ALGAE",1.32353801169591,2.09166666666667,52.6666666666667,111
2014,7,"NAPL",1,109,"MAPY","Macrocystis pyrifera","ALGAE",0.529151404151404,0.726923076923077,33.5172413793103,60
2014,7,"NAPL",2,109,"MAPY","Macrocystis pyrifera","ALGAE",0.492536549707602,0.663333333333333,35,63
2014,7,"NAPL",3,106,"MAPY","Macrocystis pyrifera","ALGAE",0.322261029411765,0.59375,33.2222222222222,55
2014,7,"NAPL",4,106,"MAPY","Macrocystis pyrifera","ALGAE",0.05625,0.125,0,0
2014,7,"NAPL",5,106,"MAPY","Macrocystis pyrifera","ALGAE",0.449968434343434,0.605555555555556,42.2,52
2014,7,"NAPL",6,36,"MAPY","Macrocystis pyrifera","ALGAE",0.367777777777778,0.583333333333333,27.5,30
2014,7,"NAPL",6,106,"MAPY","Macrocystis pyrifera","ALGAE",0.488839285714286,0.7375,37,65
2014,7,"NAPL",7,109,"MAPY","Macrocystis pyrifera","ALGAE",0.4096875,0.5325,29.2692307692308,50
2014,7,"NAPL",8,109,"MAPY","Macrocystis pyrifera","ALGAE",0.361309523809524,0.633333333333333,28,48
2014,7,"SCDI",2,109,"MAPY","Macrocystis pyrifera","ALGAE",0.225,0.75,10,20
2014,7,"SCDI",3,109,"MAPY","Macrocystis pyrifera","ALGAE",0,0,0,0
2014,7,"SCTW",2,106,"MAPY","Macrocystis pyrifera","ALGAE",0.635416666666667,1.2,33.6,54
2014,7,"SCTW",3,106,"MAPY","Macrocystis pyrifera","ALGAE",0.125,0.4,0,0
2015,7,"ABUR",1,113,"MAPY","Macrocystis pyrifera","ALGAE",0.409027777777778,0.827777777777778,25.5384615384615,40
2015,7,"ABUR",2,113,"MAPY","Macrocystis pyrifera","ALGAE",0,0,NA,-Inf
2015,7,"AHND",1,112,"MAPY","Macrocystis pyrifera","ALGAE",0,0,NA,-Inf
2015,7,"AHND",2,112,"MAPY","Macrocystis pyrifera","ALGAE",1.19274553571429,1.5125,46.3103448275862,95
2015,7,"AQUE",1,112,"MAPY","Macrocystis pyrifera","ALGAE",0.120481542397661,0.128125,22,25
2015,7,"AQUE",2,112,"MAPY","Macrocystis pyrifera","ALGAE",0.405426917143669,0.842857142857143,32.3333333333333,100
2015,7,"AQUE",3,113,"MAPY","Macrocystis pyrifera","ALGAE",0.443482905982906,0.8,29.375,52
2015,7,"AQUE",4,113,"MAPY","Macrocystis pyrifera","ALGAE",0.959236111111111,1.055,33.8666666666667,67
2015,7,"AQUE",5,113,"MAPY","Macrocystis pyrifera","ALGAE",0.847867247131953,0.961111111111111,31.8888888888889,110
2015,7,"AQUE",6,112,"MAPY","Macrocystis pyrifera","ALGAE",1.24583333333333,2.125,54.1,110
2015,7,"BULL",1,113,"MAPY","Macrocystis pyrifera","ALGAE",1.09680555555556,1.82222222222222,36.9230769230769,82
2015,7,"BULL",3,113,"MAPY","Macrocystis pyrifera","ALGAE",1.621875,3.9375,54.5,78
2015,7,"BULL",6,112,"MAPY","Macrocystis pyrifera","ALGAE",0.330901915113872,0.360869565217391,26.7142857142857,79
2015,7,"BULL",6,113,"MAPY","Macrocystis pyrifera","ALGAE",0.25,0.25,NA,-Inf
2015,7,"CARP",1,113,"MAPY","Macrocystis pyrifera","ALGAE",0.297429187192118,0.45,NA,-Inf
2015,7,"CARP",2,113,"MAPY","Macrocystis pyrifera","ALGAE",0.125,0.25,NA,-Inf
2015,7,"CARP",3,112,"MAPY","Macrocystis pyrifera","ALGAE",0.279335508241758,0.521428571428571,53.4444444444444,90
2015,7,"CARP",4,112,"MAPY","Macrocystis pyrifera","ALGAE",0,0,NA,-Inf
2015,7,"CARP",5,113,"MAPY","Macrocystis pyrifera","ALGAE",0.0375,0.15,NA,-Inf
2015,7,"CARP",6,112,"MAPY","Macrocystis pyrifera","ALGAE",0,0,NA,-Inf
2015,7,"CARP",7,112,"MAPY","Macrocystis pyrifera","ALGAE",0.025,0.1,NA,-Inf
2015,7,"CARP",8,113,"MAPY","Macrocystis pyrifera","ALGAE",0,0,NA,-Inf
2015,7,"GOLB",1,112,"MAPY","Macrocystis pyrifera","ALGAE",0.475,0.6,42.6666666666667,57
2015,7,"GOLB",2,112,"MAPY","Macrocystis pyrifera","ALGAE",1.12708333333333,2.78333333333333,69.3333333333333,72
2015,7,"IVEE",1,113,"MAPY","Macrocystis pyrifera","ALGAE",0.43322585978836,0.795833333333333,55.5555555555556,124
2015,7,"IVEE",2,113,"MAPY","Macrocystis pyrifera","ALGAE",0.289293112282243,0.486666666666667,73.3333333333333,190
2015,7,"MOHK",1,94,"MAPY","Macrocystis pyrifera","ALGAE",1.24047619047619,1.4,50,100
2015,7,"MOHK",2,36,"MAPY","Macrocystis pyrifera","ALGAE",1.58626373626374,2.11538461538462,55.1612903225806,130
2015,7,"MOHK",2,94,"MAPY","Macrocystis pyrifera","ALGAE",1.44477513227513,1.93571428571429,46.5833333333333,130
2015,7,"NAPL",1,109,"MAPY","Macrocystis pyrifera","ALGAE",0.74125,0.875,37.2352941176471,99
2015,7,"NAPL",2,31,"MAPY","Macrocystis pyrifera","ALGAE",0.442857142857143,0.510714285714286,33.5714285714286,48
2015,7,"NAPL",2,109,"MAPY","Macrocystis pyrifera","ALGAE",0.626207729468599,0.691304347826087,36,64
2015,7,"NAPL",3,112,"MAPY","Macrocystis pyrifera","ALGAE",0.460098965362123,0.757692307692308,30.5,48
2015,7,"NAPL",4,112,"MAPY","Macrocystis pyrifera","ALGAE",0.148691626409018,0.202173913043478,31,31
2015,7,"NAPL",5,112,"MAPY","Macrocystis pyrifera","ALGAE",0.853819444444444,1.25,44.4375,76
2015,7,"NAPL",6,112,"MAPY","Macrocystis pyrifera","ALGAE",0.787912087912088,1.03333333333333,38.8666666666667,76
2015,7,"NAPL",7,109,"MAPY","Macrocystis pyrifera","ALGAE",0.522821553446553,0.79,35.8,70
2015,7,"NAPL",8,109,"MAPY","Macrocystis pyrifera","ALGAE",0.642916666666667,0.808333333333333,34.04,62
2015,7,"SCDI",2,113,"MAPY","Macrocystis pyrifera","ALGAE",0.125,0.5,0,0
2015,7,"SCDI",3,113,"MAPY","Macrocystis pyrifera","ALGAE",0,0,0,0
2015,7,"SCTW",2,112,"MAPY","Macrocystis pyrifera","ALGAE",0,0,0,0
2015,7,"SCTW",3,112,"MAPY","Macrocystis pyrifera","ALGAE",0,0,0,0
2016,7,"ABUR",1,126,"MAPY","Macrocystis pyrifera","ALGAE",0.0875,0.35,23,29
2016,7,"ABUR",2,126,"MAPY","Macrocystis pyrifera","ALGAE",0.025,0.1,NA,-Inf
2016,7,"AHND",1,130,"MAPY","Macrocystis pyrifera","ALGAE",0,0,NA,-Inf
2016,7,"AHND",2,130,"MAPY","Macrocystis pyrifera","ALGAE",0.239292929292929,0.29,NA,-Inf
2016,7,"AQUE",1,126,"MAPY","Macrocystis pyrifera","ALGAE",1.07941176470588,1.1,25.1818181818182,45
2016,7,"AQUE",1,130,"MAPY","Macrocystis pyrifera","ALGAE",1.0375,1.05,33.4166666666667,44
2016,7,"AQUE",2,126,"MAPY","Macrocystis pyrifera","ALGAE",0.45,0.9,45,45
2016,7,"AQUE",2,130,"MAPY","Macrocystis pyrifera","ALGAE",0.645,0.79,39,73
2016,7,"AQUE",3,115,"MAPY","Macrocystis pyrifera","ALGAE",1.36333333333333,1.96666666666667,63.3333333333333,85
2016,7,"AQUE",3,131,"MAPY","Macrocystis pyrifera","ALGAE",0.733125,1.31,66.4,77
2016,7,"AQUE",4,115,"MAPY","Macrocystis pyrifera","ALGAE",0.374307065217391,0.75,31.5,32
2016,7,"AQUE",5,115,"MAPY","Macrocystis pyrifera","ALGAE",0.583333333333333,0.9,28,33
2016,7,"AQUE",5,131,"MAPY","Macrocystis pyrifera","ALGAE",0.725,0.725,59.8,110
2016,7,"AQUE",6,130,"MAPY","Macrocystis pyrifera","ALGAE",0.594791666666667,1.1,44.8181818181818,70
2016,7,"BULL",1,115,"MAPY","Macrocystis pyrifera","ALGAE",0.267572463768116,0.391666666666667,21,21
2016,7,"BULL",1,131,"MAPY","Macrocystis pyrifera","ALGAE",0.267063492063492,0.305555555555556,40,40
2016,7,"BULL",3,115,"MAPY","Macrocystis pyrifera","ALGAE",0.137857142857143,0.14,NA,-Inf
2016,7,"BULL",3,131,"MAPY","Macrocystis pyrifera","ALGAE",0.175,0.25,NA,-Inf
2016,7,"BULL",6,130,"MAPY","Macrocystis pyrifera","ALGAE",0.585714285714286,0.585714285714286,48.75,67
2016,7,"BULL",6,131,"MAPY","Macrocystis pyrifera","ALGAE",0.547222222222222,0.866666666666667,46,52
2016,7,"CARP",1,130,"MAPY","Macrocystis pyrifera","ALGAE",0.158035714285714,0.178571428571429,NA,-Inf
2016,7,"CARP",1,132,"MAPY","Macrocystis pyrifera","ALGAE",0.462133123689727,0.510377358490566,NA,-Inf
2016,7,"CARP",2,130,"MAPY","Macrocystis pyrifera","ALGAE",0.0847222222222222,0.0916666666666667,NA,-Inf
2016,7,"CARP",2,132,"MAPY","Macrocystis pyrifera","ALGAE",0.239705882352941,0.25,NA,-Inf
2016,7,"CARP",3,126,"MAPY","Macrocystis pyrifera","ALGAE",0.347777777777778,0.347777777777778,24,26
2016,7,"CARP",3,130,"MAPY","Macrocystis pyrifera","ALGAE",0.220875420875421,0.224074074074074,26,30
2016,7,"CARP",3,132,"MAPY","Macrocystis pyrifera","ALGAE",0.232152777777778,0.235555555555556,25,25
2016,7,"CARP",4,36,"MAPY","Macrocystis pyrifera","ALGAE",0.279161954099732,0.33135593220339,26,28
2016,7,"CARP",5,31,"MAPY","Macrocystis pyrifera","ALGAE",0.212957074721781,0.222972972972973,NA,-Inf
2016,7,"CARP",5,115,"MAPY","Macrocystis pyrifera","ALGAE",0.218428571428571,0.242857142857143,24.75,27
2016,7,"CARP",6,130,"MAPY","Macrocystis pyrifera","ALGAE",0.175804093567251,0.180555555555556,27,28
2016,7,"CARP",6,132,"MAPY","Macrocystis pyrifera","ALGAE",0.394202898550725,0.516666666666667,NA,-Inf
2016,7,"CARP",7,31,"MAPY","Macrocystis pyrifera","ALGAE",0.143076923076923,0.146153846153846,22.5,24
2016,7,"CARP",7,115,"MAPY","Macrocystis pyrifera","ALGAE",0.109166666666667,0.16,20,20
2016,7,"CARP",8,31,"MAPY","Macrocystis pyrifera","ALGAE",0.203894927536232,0.20625,28.5,31
2016,7,"CARP",8,115,"MAPY","Macrocystis pyrifera","ALGAE",0.226,0.25,24.3333333333333,25
2016,7,"GOLB",1,126,"MAPY","Macrocystis pyrifera","ALGAE",0.361363636363636,0.522727272727273,NA,-Inf
2016,7,"GOLB",1,130,"MAPY","Macrocystis pyrifera","ALGAE",0.05,0.1,NA,-Inf
2016,7,"GOLB",2,126,"MAPY","Macrocystis pyrifera","ALGAE",0.421666666666667,0.533333333333333,25,25
2016,7,"GOLB",2,130,"MAPY","Macrocystis pyrifera","ALGAE",0.375,0.45,28,28
2016,7,"IVEE",1,126,"MAPY","Macrocystis pyrifera","ALGAE",0.564583333333333,0.891666666666667,36.2,43
2016,7,"IVEE",1,130,"MAPY","Macrocystis pyrifera","ALGAE",0.1,0.2,25,25
2016,7,"IVEE",2,126,"MAPY","Macrocystis pyrifera","ALGAE",0.72948717948718,1.28846153846154,53.2352941176471,100
2016,7,"IVEE",2,130,"MAPY","Macrocystis pyrifera","ALGAE",0.508333333333333,0.6,53.7,90
2016,7,"MOHK",1,115,"MAPY","Macrocystis pyrifera","ALGAE",0.173015873015873,0.207142857142857,NA,-Inf
2016,7,"MOHK",1,131,"MAPY","Macrocystis pyrifera","ALGAE",0.161824324324324,0.175,NA,-Inf
2016,7,"MOHK",2,115,"MAPY","Macrocystis pyrifera","ALGAE",0.196794871794872,0.216666666666667,34,53
2016,7,"MOHK",2,131,"MAPY","Macrocystis pyrifera","ALGAE",0.150530222693531,0.159756097560976,NA,-Inf
2016,7,"NAPL",1,118,"MAPY","Macrocystis pyrifera","ALGAE",0.288616071428571,0.317857142857143,23.3333333333333,40
2016,7,"NAPL",1,130,"MAPY","Macrocystis pyrifera","ALGAE",0.329899267399267,0.389285714285714,27.4666666666667,32
2016,7,"NAPL",2,118,"MAPY","Macrocystis pyrifera","ALGAE",0.494568452380952,0.554761904761905,26.7,38
2016,7,"NAPL",2,130,"MAPY","Macrocystis pyrifera","ALGAE",0.422225609756098,0.4225,27.25,45
2016,7,"NAPL",3,115,"MAPY","Macrocystis pyrifera","ALGAE",0.429636591478697,0.497368421052632,29.6666666666667,44
2016,7,"NAPL",3,131,"MAPY","Macrocystis pyrifera","ALGAE",0.388796958855098,0.490384615384615,47,60
2016,7,"NAPL",4,115,"MAPY","Macrocystis pyrifera","ALGAE",0.138823529411765,0.16,NA,-Inf
2016,7,"NAPL",4,131,"MAPY","Macrocystis pyrifera","ALGAE",0.114807692307692,0.134615384615385,NA,-Inf
2016,7,"NAPL",5,115,"MAPY","Macrocystis pyrifera","ALGAE",0.379870689655172,0.417241379310345,32.3333333333333,39
2016,7,"NAPL",5,131,"MAPY","Macrocystis pyrifera","ALGAE",0.280852842809365,0.284782608695652,NA,-Inf
2016,7,"NAPL",6,115,"MAPY","Macrocystis pyrifera","ALGAE",0.567272727272727,0.654545454545455,35.1428571428571,50
2016,7,"NAPL",6,131,"MAPY","Macrocystis pyrifera","ALGAE",0.696139705882353,0.71875,50.125,69
2016,7,"NAPL",7,118,"MAPY","Macrocystis pyrifera","ALGAE",0.424242424242424,0.491666666666667,23.9473684210526,35
2016,7,"NAPL",7,130,"MAPY","Macrocystis pyrifera","ALGAE",0.325281320330083,0.336046511627907,28.6875,44
2016,7,"NAPL",8,118,"MAPY","Macrocystis pyrifera","ALGAE",0.331666666666667,0.4,22.2727272727273,30
2016,7,"NAPL",8,130,"MAPY","Macrocystis pyrifera","ALGAE",0.394,0.394,24.9,33
2016,7,"SCDI",2,31,"MAPY","Macrocystis pyrifera","ALGAE",0,0,NA,-Inf
2016,7,"SCDI",3,31,"MAPY","Macrocystis pyrifera","ALGAE",0,0,NA,-Inf
2016,7,"SCTW",2,126,"MAPY","Macrocystis pyrifera","ALGAE",0.059375,0.15,NA,-Inf
2016,7,"SCTW",3,126,"MAPY","Macrocystis pyrifera","ALGAE",0.025,0.1,NA,-Inf
2017,7,"ABUR",1,130,"MAPY","Macrocystis pyrifera","ALGAE",0.025,0.1,NA,-Inf
2017,7,"ABUR",2,130,"MAPY","Macrocystis pyrifera","ALGAE",0.06875,0.175,NA,-Inf
2017,7,"AHND",1,116,"MAPY","Macrocystis pyrifera","ALGAE",0,0,NA,-Inf
2017,7,"AHND",2,116,"MAPY","Macrocystis pyrifera","ALGAE",0,0,NA,-Inf
2017,7,"AQUE",1,130,"MAPY","Macrocystis pyrifera","ALGAE",0.8325,2.53,61.4285714285714,95
2017,7,"AQUE",2,130,"MAPY","Macrocystis pyrifera","ALGAE",1,2.1,53.3333333333333,60
2017,7,"AQUE",3,130,"MAPY","Macrocystis pyrifera","ALGAE",1.8025,2.65,65.4166666666667,105
2017,7,"AQUE",4,116,"MAPY","Macrocystis pyrifera","ALGAE",0.711964285714286,0.942857142857143,39.2857142857143,57
2017,7,"AQUE",5,116,"MAPY","Macrocystis pyrifera","ALGAE",0.820347222222222,0.97,35.1739130434783,61
2017,7,"AQUE",6,116,"MAPY","Macrocystis pyrifera","ALGAE",0.775555555555556,1.31666666666667,53.5,97
2017,7,"BULL",1,36,"MAPY","Macrocystis pyrifera","ALGAE",0.2375,0.475,45,60
2017,7,"BULL",1,1911,"MAPY","Macrocystis pyrifera","ALGAE",0.724444444444444,1.24,48,78
2017,7,"BULL",3,1911,"MAPY","Macrocystis pyrifera","ALGAE",0.8875,1.95,54.75,82
2017,7,"BULL",6,116,"MAPY","Macrocystis pyrifera","ALGAE",0.85,1.45,33,44
2017,7,"CARP",1,31,"MAPY","Macrocystis pyrifera","ALGAE",0.289056001188354,0.339705882352941,32.8888888888889,60
2017,7,"CARP",1,116,"MAPY","Macrocystis pyrifera","ALGAE",0.427993697478992,0.521428571428571,25.6666666666667,40
2017,7,"CARP",2,116,"MAPY","Macrocystis pyrifera","ALGAE",1.79019230769231,2.2,54.9285714285714,120
2017,7,"CARP",3,131,"MAPY","Macrocystis pyrifera","ALGAE",1.05190476190476,1.47,44.625,70
2017,7,"CARP",4,130,"MAPY","Macrocystis pyrifera","ALGAE",0.45375,0.633333333333333,33.6666666666667,44
2017,7,"CARP",5,1,"MAPY","Macrocystis pyrifera","ALGAE",1.48020833333333,1.96666666666667,37.8235294117647,89
2017,7,"CARP",5,116,"MAPY","Macrocystis pyrifera","ALGAE",0.785555555555556,1.11111111111111,32.8333333333333,47
2017,7,"CARP",6,131,"MAPY","Macrocystis pyrifera","ALGAE",0.90625,1.45,34.875,55
2017,7,"CARP",7,130,"MAPY","Macrocystis pyrifera","ALGAE",1.28090277777778,3.01111111111111,51.1363636363636,96
2017,7,"CARP",8,116,"MAPY","Macrocystis pyrifera","ALGAE",1.08632352941176,1.51,37.695652173913,70
2017,7,"GOLB",1,116,"MAPY","Macrocystis pyrifera","ALGAE",1.09375,2.3,41.5,50
2017,7,"GOLB",2,116,"MAPY","Macrocystis pyrifera","ALGAE",1.7875,6.4,54.25,69
2017,7,"IVEE",1,116,"MAPY","Macrocystis pyrifera","ALGAE",0.35625,1.425,59,59
2017,7,"IVEE",2,31,"MAPY","Macrocystis pyrifera","ALGAE",2.575,3,123.125,200
2017,7,"IVEE",2,116,"MAPY","Macrocystis pyrifera","ALGAE",1.17321428571429,1.62142857142857,49.875,86
2017,7,"MOHK",1,130,"MAPY","Macrocystis pyrifera","ALGAE",1.18333333333333,1.5875,36.125,50
2017,7,"MOHK",2,36,"MAPY","Macrocystis pyrifera","ALGAE",1.18657051282051,1.6525,46.2777777777778,85
2017,7,"MOHK",2,130,"MAPY","Macrocystis pyrifera","ALGAE",1.88636363636364,1.88636363636364,47.5,76
2017,7,"NAPL",1,116,"MAPY","Macrocystis pyrifera","ALGAE",0.25304953141896,0.324390243902439,31.7333333333333,44
2017,7,"NAPL",2,116,"MAPY","Macrocystis pyrifera","ALGAE",0.218836743822797,0.235616438356164,31.2,42
2017,7,"NAPL",3,130,"MAPY","Macrocystis pyrifera","ALGAE",0.30228848724031,0.364179104477612,26.4615384615385,32
2017,7,"NAPL",3,1911,"MAPY","Macrocystis pyrifera","ALGAE",0.232233796296296,0.242592592592593,24.1666666666667,29
2017,7,"NAPL",4,1911,"MAPY","Macrocystis pyrifera","ALGAE",0.0375,0.1,NA,-Inf
2017,7,"NAPL",5,130,"MAPY","Macrocystis pyrifera","ALGAE",0.215411400364711,0.297368421052632,26.1666666666667,32
2017,7,"NAPL",6,130,"MAPY","Macrocystis pyrifera","ALGAE",0.224487920168067,0.319642857142857,28,35
2017,7,"NAPL",7,31,"MAPY","Macrocystis pyrifera","ALGAE",0.238659420289855,0.245652173913043,30,40
2017,7,"NAPL",7,116,"MAPY","Macrocystis pyrifera","ALGAE",0.18125,0.233928571428571,26.5,33
2017,7,"NAPL",8,31,"MAPY","Macrocystis pyrifera","ALGAE",0.261111111111111,0.261111111111111,31.6666666666667,40
2017,7,"NAPL",8,116,"MAPY","Macrocystis pyrifera","ALGAE",0.160732165206508,0.204255319148936,24,25
2017,7,"SCDI",2,130,"MAPY","Macrocystis pyrifera","ALGAE",0,0,NA,-Inf
2017,7,"SCDI",3,130,"MAPY","Macrocystis pyrifera","ALGAE",0,0,NA,-Inf
2017,7,"SCTW",2,116,"MAPY","Macrocystis pyrifera","ALGAE",0.0125,0.05,NA,-Inf
2017,7,"SCTW",3,116,"MAPY","Macrocystis pyrifera","ALGAE",0,0,NA,-Inf
2018,7,"ABUR",1,131,"MAPY","Macrocystis pyrifera","ALGAE",0,0,NA,-Inf
2018,7,"ABUR",2,131,"MAPY","Macrocystis pyrifera","ALGAE",1.49517857142857,2.01428571428571,36.1428571428571,70
2018,7,"AHND",1,142,"MAPY","Macrocystis pyrifera","ALGAE",0,0,NA,-Inf
2018,7,"AHND",2,142,"MAPY","Macrocystis pyrifera","ALGAE",0,0,NA,-Inf
2018,7,"AQUE",1,36,"MAPY","Macrocystis pyrifera","ALGAE",1.25572916666667,2.7,46.2727272727273,85
2018,7,"AQUE",2,36,"MAPY","Macrocystis pyrifera","ALGAE",0.208333333333333,0.833333333333333,37.3333333333333,55
2018,7,"AQUE",3,1917,"MAPY","Macrocystis pyrifera","ALGAE",1.771875,2.575,56.7,112
2018,7,"AQUE",4,1917,"MAPY","Macrocystis pyrifera","ALGAE",1.28875,2.625,54.3333333333333,88
2018,7,"AQUE",5,1,"MAPY","Macrocystis pyrifera","ALGAE",0.814166666666667,1.05,56.1428571428571,90
2018,7,"AQUE",6,36,"MAPY","Macrocystis pyrifera","ALGAE",1.990625,4.15,99.5714285714286,115
2018,7,"CARP",1,131,"MAPY","Macrocystis pyrifera","ALGAE",0.141682692307692,0.21,NA,-Inf
2018,7,"CARP",2,131,"MAPY","Macrocystis pyrifera","ALGAE",0,0,NA,-Inf
2018,7,"CARP",3,36,"MAPY","Macrocystis pyrifera","ALGAE",0.0125,0.05,NA,-Inf
2018,7,"CARP",4,131,"MAPY","Macrocystis pyrifera","ALGAE",0,0,NA,-Inf
2018,7,"CARP",5,144,"MAPY","Macrocystis pyrifera","ALGAE",0,0,NA,-Inf
2018,7,"CARP",6,52,"MAPY","Macrocystis pyrifera","ALGAE",0.595833333333333,2.13333333333333,51.6,100
2018,7,"CARP",7,131,"MAPY","Macrocystis pyrifera","ALGAE",0.7125,2.05,52,68
2018,7,"CARP",8,144,"MAPY","Macrocystis pyrifera","ALGAE",0.0625,0.25,NA,-Inf
2018,7,"GOLB",1,1,"MAPY","Macrocystis pyrifera","ALGAE",2.08125,3.15,61,90
2018,7,"GOLB",2,1,"MAPY","Macrocystis pyrifera","ALGAE",1.84166666666667,3.01666666666667,59.625,100
2018,7,"IVEE",1,131,"MAPY","Macrocystis pyrifera","ALGAE",0.820833333333333,3.28333333333333,111,120
2018,7,"IVEE",2,131,"MAPY","Macrocystis pyrifera","ALGAE",2.08375,3.26,78,189
2018,7,"MOHK",1,143,"MAPY","Macrocystis pyrifera","ALGAE",0.953125,2.1,43,65
2018,7,"MOHK",2,143,"MAPY","Macrocystis pyrifera","ALGAE",1.75955357142857,2.815,50.7931034482759,125
2018,7,"NAPL",1,31,"MAPY","Macrocystis pyrifera","ALGAE",0.77920008912656,0.979411764705882,NA,-Inf
2018,7,"NAPL",2,31,"MAPY","Macrocystis pyrifera","ALGAE",0.645455684666211,0.763333333333333,NA,-Inf
2018,7,"NAPL",3,130,"MAPY","Macrocystis pyrifera","ALGAE",0.980208333333333,1.36666666666667,36.5384615384615,60
2018,7,"NAPL",4,130,"MAPY","Macrocystis pyrifera","ALGAE",0.2125,0.4,26.5,28
2018,7,"NAPL",5,130,"MAPY","Macrocystis pyrifera","ALGAE",1.16928571428571,1.52142857142857,40.6538461538462,65
2018,7,"NAPL",6,130,"MAPY","Macrocystis pyrifera","ALGAE",1.07708333333333,1.45,42.4545454545455,65
2018,7,"NAPL",7,31,"MAPY","Macrocystis pyrifera","ALGAE",1.1296875,1.525,NA,-Inf
2018,7,"NAPL",8,31,"MAPY","Macrocystis pyrifera","ALGAE",0.707857142857143,0.75,NA,-Inf
2018,7,"SCDI",2,144,"MAPY","Macrocystis pyrifera","ALGAE",0,0,NA,-Inf
2018,7,"SCDI",3,144,"MAPY","Macrocystis pyrifera","ALGAE",0,0,NA,-Inf
2018,7,"SCTW",2,131,"MAPY","Macrocystis pyrifera","ALGAE",0,0,NA,-Inf
2018,7,"SCTW",3,131,"MAPY","Macrocystis pyrifera","ALGAE",0,0,NA,-Inf
2018,8,"BULL",1,1,"MAPY","Macrocystis pyrifera","ALGAE",0.2546875,0.525,30.5,42
2018,8,"BULL",3,1,"MAPY","Macrocystis pyrifera","ALGAE",2.475,9.1,71.25,180
2018,8,"BULL",6,1,"MAPY","Macrocystis pyrifera","ALGAE",1.03229166666667,1.56666666666667,54.1428571428571,120
